University,Program-Code,Program-Major-Name,Field-Type,First-Cap,Second-Cap,Female-Cap,Male-Cap,Description
دانشگاه آيت اله بروجردي-  بروجرد,1001,رياضيات وكاربردها,,40,-,زن,مرد,
دانشگاه آيت اله بروجردي-  بروجرد,1002,فيزيك,,40,-,زن,مرد,
دانشگاه آيت اله بروجردي-  بروجرد,1003,مهندسي عمران,,40,-,زن,مرد,
دانشگاه آيت اله بروجردي-  بروجرد,1004,مهندسي كامپيوتر,نرم افزار,40,-,زن,مرد,
دانشگاه آيت اله بروجردي-  بروجرد,6701,علوم اقتصادي,اقتصادبازرگاني,40,-,زن,مرد,
دانشگاه آيت اله بروجردي-  بروجرد,6702,علوم اقتصادي,اقتصادنظري,-,40,زن,مرد,
دانشگاه اراك,1005,رياضيات وكاربردها,,30,-,ـــ,مرد,
دانشگاه اراك,1006,رياضيات وكاربردها,,-,30,زن,ـــ,
دانشگاه اراك,1007,علوم كامپيوتر,,-,30,ـــ,مرد,محل تحصيل مركز آموزش عالي محلات- فاقد خوابگاه و امكانات رفاهي
دانشگاه اراك,1008,فيزيك,,20,-,زن,ـــ,
دانشگاه اراك,1009,فيزيك,,-,30,ـــ,مرد,
دانشگاه اراك,1010,مهندسي برق,قدرت,25,-,ـــ,مرد,
دانشگاه اراك,1011,مهندسي برق,مخابرات,-,30,زن,ـــ,
دانشگاه اراك,1012,مهندسي شيمي,,30,-,ـــ,مرد,
دانشگاه اراك,1013,مهندسي صنايع,,-,30,ـــ,مرد,محل تحصيل مركز آموزش عالي محلات- فاقد خوابگاه و امكانات رفاهي
دانشگاه اراك,1014,مهندسي عمران,,30,-,ـــ,مرد,
دانشگاه اراك,1015,مهندسي كامپيوتر,نرم افزار,30,-,ـــ,مرد,
دانشگاه اراك,1016,مهندسي كامپيوتر,نرم افزار,30,-,ـــ,مرد,محل تحصيل مركز آموزش عالي محلات- فاقد خوابگاه و امكانات رفاهي
دانشگاه اراك,1017,مهندسي مكانيك,,30,-,ـــ,مرد,
دانشگاه اراك,1018,مهندسي مواد,متالوژي صنعتي,30,-,ـــ,مرد,
دانشگاه اراك,1019,مهندسي كشاورزي -مكانيك ماشينهاي كشاورزي,,30,-,ـــ,مرد,
دانشگاه اراك,1020,مهندسي كشاورزي -اب,,20,-,10,10,
دانشگاه اروميه,1021,رياضيات وكاربردها,,50,-,زن,مرد,
دانشگاه اروميه,1022,فيزيك,اتمي,-,45,زن,مرد,
دانشگاه اروميه,1023,فيزيك,حالت جامد,45,-,زن,مرد,
دانشگاه اروميه,1024,فيزيك,نظري,45,-,زن,مرد,
دانشگاه اروميه,1025,فيزيك,هسته اي,-,45,زن,مرد,
دانشگاه اروميه,1026,مهندسي برق,الكترونيك,40,-,زن,مرد,
دانشگاه اروميه,1027,مهندسي برق,قدرت,40,-,زن,مرد,
دانشگاه اروميه,1028,مهندسي برق,مخابرات,40,-,زن,مرد,
دانشگاه اروميه,1029,مهندسي شهرسازي,,45,-,زن,مرد,
دانشگاه اروميه,1030,مهندسي عمران,,45,-,زن,مرد,
دانشگاه اروميه,1031,مهندسي عمران,,60,-,20,40,محل تحصيل آموزشكده فني خوي
دانشگاه اروميه,1032,مهندسي كامپيوتر,نرم افزار,45,-,زن,مرد,
دانشگاه اروميه,1033,مهندسي معدن,,45,-,ـــ,مرد,
دانشگاه اروميه,1034,مهندسي معدن,,50,-,ـــ,مرد,محل تحصيل مركز اموزش عالي شهيد باكري مياندواب
دانشگاه اروميه,1035,مهندسي معماري,,45,-,زن,مرد,
دانشگاه اروميه,1036,مهندسي مكانيك,,45,-,زن,مرد,
دانشگاه اروميه,1037,كاردان فني عمران,كارهاي عمومي ساختمان,50,-,25,25,محل تحصيل آموزشكده فني خوي
دانشگاه اروميه,1038,مهندسي كشاورزي -مكانيك ماشينهاي كشاورزي,,50,-,ـــ,مرد,
دانشگاه اروميه,1039,مهندسي كشاورزي -اب,,50,-,زن,مرد,
دانشگاه اروميه,1040,كارداني معماري,,50,-,25,25,محل تحصيل آموزشكده فني خوي
دانشگاه اروميه,6703,حسابداري,,35,-,زن,مرد,
دانشگاه اروميه,6704,شيمي,كاربردي,-,60,زن,مرد,
دانشگاه اروميه,6705,علوم اقتصادي,اقتصادبازرگاني,-,45,زن,مرد,
دانشگاه اروميه,6706,علوم اقتصادي,اقتصادنظري,45,-,زن,مرد,
دانشگاه اروميه,6707,مديريت بازرگاني,,50,-,زن,مرد,
دانشگاه اصفهان,1041,امار وكاربردها,,20,-,زن,ـــ,
دانشگاه اصفهان,1042,رياضيات وكاربردها,,20,-,زن,ـــ,
دانشگاه اصفهان,1043,علوم كامپيوتر,,20,-,زن,ـــ,
دانشگاه اصفهان,1044,فيزيك,,40,-,20,20,
دانشگاه اصفهان,1045,مهندسي برق,الكترونيك,30,-,15,15,
دانشگاه اصفهان,1046,مهندسي برق,قدرت,20,-,ـــ,مرد,
دانشگاه اصفهان,1047,مهندسي پزشكي,بيوالكتريك,30,-,15,15,
دانشگاه اصفهان,1048,مهندسي پزشكي,بيومكانيك,30,-,15,15,
دانشگاه اصفهان,1049,مهندسي شيمي,,30,-,15,15,
دانشگاه اصفهان,1050,مهندسي عمران,,20,-,ـــ,مرد,
دانشگاه اصفهان,1051,مهندسي عمران,نقشه برداري,25,-,ـــ,مرد,
دانشگاه اصفهان,1052,مهندسي فناوري اطلاعات,,30,-,15,15,
دانشگاه اصفهان,1053,مهندسي كامپيوتر,سخت افزار,30,-,15,15,
دانشگاه اصفهان,1054,مهندسي كامپيوتر,نرم افزار,30,-,15,15,
ادامه دانشگاه اصفهان,1055,مهندسي مكانيك,,20,-,ـــ,مرد,
ادامه دانشگاه اصفهان,1056,مهندسي راه آهن,خطوط,20,-,ـــ,مرد,
ادامه دانشگاه اصفهان,6708,حسابداري,,30,-,ـــ,مرد,
ادامه دانشگاه اصفهان,6709,روانشناسي,صنعتي سازماني,30,-,15,15,
ادامه دانشگاه اصفهان,6711,شيمي,كاربردي,20,-,زن,ـــ,
ادامه دانشگاه اصفهان,6712,علوم اقتصادي,اقتصادنظري,40,-,20,20,
ادامه دانشگاه اصفهان,6713,كتابداري واطلاع رساني,,25,-,زن,ـــ,
ادامه دانشگاه اصفهان,6714,مديريت بازرگاني,,25,-,ـــ,مرد,
ادامه دانشگاه اصفهان,6715,مديريت دولتي,,25,-,ـــ,مرد,
ادامه دانشگاه اصفهان,6716,مديريت صنعتي,,25,-,ـــ,مرد,
دانشگاه الزهرا)س-(  تهران,1057,امار وكاربردها,,-,15,زن,ـــ,
دانشگاه الزهرا)س-(  تهران,1058,رياضيات وكاربردها,,20,-,زن,ـــ,
دانشگاه الزهرا)س-(  تهران,1059,علوم كامپيوتر,,15,-,زن,ـــ,
دانشگاه الزهرا)س-(  تهران,1060,فيزيك,,20,-,زن,ـــ,
دانشگاه الزهرا)س-(  تهران,1061,مهندسي صنايع,,20,-,زن,ـــ,
دانشگاه الزهرا)س-(  تهران,1062,مهندسي كامپيوتر,نرم افزار,18,-,زن,ـــ,
دانشگاه الزهرا)س-(  تهران,1063,فيزيك مهندسي,,-,20,زن,ـــ,گرايش حالت جامد
دانشگاه الزهرا)س-(  تهران,6717,حسابداري,,12,-,زن,ـــ,
دانشگاه الزهرا)س-(  تهران,6719,علوم اقتصادي,اقتصادنظري,15,-,زن,ـــ,
دانشگاه الزهرا)س-(  تهران,6720,كتابداري واطلاع رساني,,20,-,زن,ـــ,
دانشگاه الزهرا)س-(  تهران,6721,مديريت بازرگاني,,20,-,زن,ـــ,
دانشگاه ايلام,1064,رياضيات وكاربردها,,22,-,11,11,
دانشگاه ايلام,1065,فيزيك,حالت جامد,22,-,11,11,
دانشگاه ايلام,1066,مهندسي برق,قدرت,16,-,4,12,
دانشگاه ايلام,1067,مهندسي شيمي,,22,-,11,11,
دانشگاه ايلام,1068,مهندسي عمران,,22,-,11,11,
دانشگاه ايلام,1069,مهندسي فناوري اطلاعات,,16,-,6,10,
دانشگاه ايلام,1070,مهندسي كامپيوتر,نرم افزار,22,-,11,11,
دانشگاه ايلام,1071,مهندسي معماري,,22,-,11,11,
دانشگاه ايلام,1072,مهندسي كشاورزي -مكانيك ماشينهاي كشاورزي,,35,-,ـــ,مرد,
دانشگاه ايلام,1073,مهندسي كشاورزي -اب,,22,-,11,11,
دانشگاه ايلام,6722,حسابداري,,22,-,11,11,
دانشگاه ايلام,6723,علوم اقتصادي,اقتصادبازرگاني,22,-,11,11,
دانشگاه ايلام,6724,مديريت بازرگاني,,22,-,11,11,
دانشگاه بجنورد,1074,رياضيات وكاربردها,,40,-,زن,مرد,
دانشگاه بجنورد,1075,علوم كامپيوتر,,40,-,زن,مرد,
دانشگاه بجنورد,1076,مهندسي برق,قدرت,40,-,زن,مرد,
دانشگاه بجنورد,1077,مهندسي شهرسازي,,36,-,18,18,
دانشگاه بجنورد,1078,مهندسي صنايع,,80,-,40,40,
دانشگاه بجنورد,1079,مهندسي عمران,,40,-,زن,مرد,
دانشگاه بجنورد,1080,مهندسي كامپيوتر,نرم افزار,40,-,زن,مرد,
دانشگاه بجنورد,1081,مهندسي معماري,,36,-,18,18,
دانشگاه بجنورد,6725,حسابداري,,40,-,زن,مرد,
دانشگاه بجنورد,6726,علوم اقتصادي,اقتصادنظري,80,-,40,40,
دانشگاه بناب,1082,رياضيات وكاربردها,,35,-,زن,مرد,
دانشگاه بناب,1083,مهندسي اپتيك وليزر,,50,-,زن,مرد,
دانشگاه بناب,1084,مهندسي برق,الكترونيك,35,-,زن,مرد,
دانشگاه بناب,1085,مهندسي برق,مخابرات,35,-,زن,مرد,
دانشگاه بناب,1086,مهندسي عمران,,50,-,زن,مرد,
دانشگاه بناب,1087,مهندسي كامپيوتر,نرم افزار,50,-,زن,مرد,
دانشگاه بناب,1088,مهندسي معماري,,30,-,زن,مرد,
دانشگاه بناب,1089,مهندسي مكانيك,,55,-,زن,مرد,
دانشگاه بوعلي سينا همدان,1090,امار وكاربردها,,30,-,15,15,
دانشگاه بوعلي سينا همدان,1091,رياضيات وكاربردها,,30,-,15,15,
دانشگاه بوعلي سينا همدان,1092,فيزيك,اتمي,30,-,15,15,
دانشگاه بوعلي سينا همدان,1093,فيزيك,حالت جامد,30,-,15,15,
دانشگاه بوعلي سينا همدان,1094,فيزيك,هسته اي,30,-,15,15,
دانشگاه بوعلي سينا همدان,1095,مهندسي برق,الكترونيك,30,-,زن,مرد,
دانشگاه بوعلي سينا همدان,1096,مهندسي برق,قدرت,30,-,زن,مرد,
دانشگاه بوعلي سينا همدان,1097,مهندسي صنايع,,30,-,زن,مرد,
دانشگاه بوعلي سينا همدان,1098,مهندسي صنايع,,60,-,ـــ,مرد,محل تحصيل آموزشكده فني تويسركان- فاقدخوابگاه
دانشگاه بوعلي سينا همدان,1099,مهندسي صنايع,,30,-,زن,ـــ,محل تحصيل مجتمع آموزش عالي نهاوند-فاقد خوابگاه
دانشگاه بوعلي سينا همدان,1100,مهندسي عمران,,30,-,زن,مرد,
دانشگاه بوعلي سينا همدان,1101,مهندسي عمران,,60,-,ـــ,مرد,محل تحصيل آموزشكده فني كبودرآهنگ - فاقد خوابگاه
دانشگاه بوعلي سينا همدان,1102,مهندسي كامپيوتر,نرم افزار,30,-,زن,مرد,
دانشگاه بوعلي سينا همدان,1103,مهندسي معماري,,10,-,5,5,
دانشگاه بوعلي سينا همدان,1104,مهندسي مكانيك,,60,-,زن,مرد,
دانشگاه بوعلي سينا همدان,1105,مهندسي مواد,متالوژي صنعتي,30,-,زن,مرد,
ادامه دانشگاه بوعلي سينا همدان,1106,مهندسي كشاورزي -مكانيك ماشينهاي كشاورزي,,30,-,ـــ,مرد,
ادامه دانشگاه بوعلي سينا همدان,1107,مهندسي كشاورزي -اب,,30,-,15,15,
ادامه دانشگاه بوعلي سينا همدان,6727,حسابداري,,30,-,زن,ـــ,
ادامه دانشگاه بوعلي سينا همدان,6728,حسابداري,,70,-,ـــ,مرد,محل تحصيل دانشكده  مديريت و حسابداري رزن ـ فاقدخوابگاه
ادامه دانشگاه بوعلي سينا همدان,6729,شيمي,كاربردي,30,-,15,15,
ادامه دانشگاه بوعلي سينا همدان,6730,علوم اقتصادي,اقتصادبازرگاني,30,-,15,15,
ادامه دانشگاه بوعلي سينا همدان,6731,علوم اقتصادي,اقتصادنظري,30,-,15,15,
دانشگاه بيرجند,1108,امار وكاربردها,,30,-,15,15,
دانشگاه بيرجند,1109,رياضيات وكاربردها,,35,-,17,18,
دانشگاه بيرجند,1110,فيزيك,,35,-,17,18,
دانشگاه بيرجند,1111,مهندسي برق,الكترونيك,25,-,زن,مرد,
دانشگاه بيرجند,1112,مهندسي برق,قدرت,25,-,ـــ,مرد,
دانشگاه بيرجند,1113,مهندسي برق,مخابرات,25,-,زن,مرد,
دانشگاه بيرجند,1114,مهندسي عمران,,30,-,9,21,
دانشگاه بيرجند,1115,مهندسي عمران,,40,-,12,28,محل تحصيل دانشكده فني قاين
دانشگاه بيرجند,1116,مهندسي فناوري اطلاعات,,35,-,زن,مرد,
دانشگاه بيرجند,1117,مهندسي كامپيوتر,سخت افزار,25,-,زن,مرد,
دانشگاه بيرجند,1118,مهندسي كامپيوتر,نرم افزار,35,-,زن,مرد,
دانشگاه بيرجند,1119,مهندسي كامپيوتر,نرم افزار,40,-,20,20,محل تحصيل دانشكده فني قاين
دانشگاه بيرجند,1120,مهندسي معدن,اكتشاف معدن,30,-,ـــ,مرد,
دانشگاه بيرجند,1121,مهندسي مكانيك,,30,-,9,21,
دانشگاه بيرجند,1122,مهندسي مكانيك,,40,-,12,28,محل تحصيل دانشكده فني قاين
دانشگاه بيرجند,1123,كارداني تكنولوژي ابياري,,50,-,ـــ,مرد,محل تحصيل آموزشكده كشاورزي سربيشه
دانشگاه بيرجند,1124,كاردان فني برق,الكترونيك,50,-,ـــ,مرد,محل تحصيل آموزشكده فني فردوس
دانشگاه بيرجند,1125,كاردان فني برق,قدرت,50,-,ـــ,مرد,محل تحصيل آموزشكده فني فردوس
دانشگاه بيرجند,1126,مهندسي كشاورزي -اب,,30,-,9,21,
دانشگاه بيرجند,1127,كارداني علمي -كاربردي نرم افزاركامپيوتر,,40,-,زن,مرد,محل تحصيل آموزشكده فني فردوس
دانشگاه بيرجند,6732,كتابداري واطلاع رساني,,30,-,15,15,
دانشگاه بين المللي امام خميني )ره-( قزوين,1128,امار وكاربردها,,25,-,زن,ـــ,
دانشگاه بين المللي امام خميني )ره-( قزوين,1129,رياضيات وكاربردها,,24,-,12,12,
دانشگاه بين المللي امام خميني )ره-( قزوين,1130,فيزيك,,16,-,8,8,
دانشگاه بين المللي امام خميني )ره-( قزوين,1131,مهندسي برق,قدرت,24,-,12,12,
دانشگاه بين المللي امام خميني )ره-( قزوين,1132,مهندسي برق,كنترل,15,-,ـــ,مرد,
دانشگاه بين المللي امام خميني )ره-( قزوين,1133,مهندسي برق,مخابرات,15,-,زن,ـــ,
دانشگاه بين المللي امام خميني )ره-( قزوين,1134,مهندسي شهرسازي,,15,-,ـــ,مرد,
دانشگاه بين المللي امام خميني )ره-( قزوين,1135,مهندسي عمران,,16,-,8,8,
دانشگاه بين المللي امام خميني )ره-( قزوين,1136,مهندسي كامپيوتر,نرم افزار,16,-,8,8,
دانشگاه بين المللي امام خميني )ره-( قزوين,1137,مهندسي معدن,,15,-,ـــ,مرد,
دانشگاه بين المللي امام خميني )ره-( قزوين,1138,مهندسي معماري,,15,-,ـــ,مرد,
دانشگاه بين المللي امام خميني )ره-( قزوين,1139,مهندسي مكانيك,,15,-,ـــ,مرد,
دانشگاه بين المللي امام خميني )ره-( قزوين,1140,مهندسي مواد,سراميك,25,-,زن,ـــ,
دانشگاه بين المللي امام خميني )ره-( قزوين,1141,مهندسي مواد,متالوژي صنعتي,25,-,ـــ,مرد,
دانشگاه بين المللي امام خميني )ره-( قزوين,1142,مهندسي كشاورزي -اب,,24,-,12,12,
دانشگاه بين المللي امام خميني )ره-( قزوين,6733,حسابداري,,20,-,زن,ـــ,
دانشگاه بين المللي امام خميني )ره-( قزوين,6734,مديريت صنعتي,,20,-,ـــ,مرد,
دانشگاه تبريز,1143,امار وكاربردها,,30,-,15,15,
دانشگاه تبريز,1144,رياضيات وكاربردها,,30,-,15,15,
دانشگاه تبريز,1145,رياضيات وكاربردها,,30,-,15,15,محل تحصيل آموزشكده فني و مهندسي شهرستان مرند
دانشگاه تبريز,1146,علوم كامپيوتر,,30,-,15,15,
دانشگاه تبريز,1147,فيزيك,"اتمي, حالت جامد, مولكولي",33,-,16,17,
دانشگاه تبريز,1148,فيزيك,"نظري, هستهاي",-,33,16,17,
دانشگاه تبريز,1149,مهندسي برق,الكترونيك,30,-,15,15,
دانشگاه تبريز,1150,مهندسي برق,قدرت,30,-,9,21,
دانشگاه تبريز,1151,مهندسي برق,كنترل,30,-,16,14,
دانشگاه تبريز,1152,مهندسي برق,مخابرات,30,-,15,15,
دانشگاه تبريز,1153,مهندسي شيمي,,30,-,15,15,
دانشگاه تبريز,1154,مهندسي صنايع,,38,-,15,23,
دانشگاه تبريز,1155,مهندسي عمران,,-,57,17,40,
دانشگاه تبريز,1156,مهندسي عمران,,57,-,17,40,
دانشگاه تبريز,1157,مهندسي عمران,نقشه برداري,35,-,18,17,
دانشگاه تبريز,1158,مهندسي عمران,نقشه برداري,30,-,15,15,محل تحصيل شهرستان مرند
دانشگاه تبريز,1159,مهندسي فناوري اطلاعات,,30,-,18,12,
دانشگاه تبريز,1160,مهندسي فناوري اطلاعات,,30,-,15,15,محل تحصيل آموزشكده فني و مهندسي شهرستان ميانه- فاقد خوابگاه
دانشگاه تبريز,1161,مهندسي كامپيوتر,سخت افزار,30,-,16,14,
دانشگاه تبريز,1162,مهندسي معماري,,30,-,15,15,
دانشگاه تبريز,1163,مهندسي مكانيك,,111,-,31,80,
دانشگاه تبريز,1164,مهندسي مكانيك,,45,-,15,30,محل تحصيل شهرستان ميانه
دانشگاه تبريز,1165,مهندسي مواد,سراميك,30,-,12,18,
دانشگاه تبريز,1166,مهندسي مواد,متالوژي صنعتي,30,-,12,18,
دانشگاه تبريز,1167,كاردان فني عمران,ساختمان هاي بتني,30,-,6,24,محل تحصيل شهرستان مرند
دانشگاه تبريز,1168,مهندسي كشاورزي -مكانيك ماشينهاي كشاورزي,,30,-,15,15,
دانشگاه تبريز,1169,مهندسي كشاورزي -اب,,30,-,12,18,
دانشگاه تبريز,6736,شيمي,كاربردي,-,35,17,18,
دانشگاه تبريز,6737,علوم اقتصادي,اقتصادبازرگاني,30,-,15,15,
دانشگاه تبريز,6738,علوم اقتصادي,اقتصادنظري,30,-,15,15,
دانشگاه تبريز,6739,كتابداري واطلاع رساني,,30,-,18,12,
دانشگاه تبريز,6740,مديريت جهانگردي,,30,-,15,15,
دانشگاه تبريز,6741,مهندسي كشاورزي -اقتصادكشاورزي,,30,-,18,12,
دانشگاه تربيت دبير شهيد رجايي تهران,1170,رياضيات وكاربردها,,40,-,20,20,ويژه داوطلبان بومي استان تهران
دانشگاه تربيت دبير شهيد رجايي تهران,1171,فيزيك,نظري,40,-,20,20,ويژه داوطلبان بومي استان تهران
دانشگاه تربيت دبير شهيد رجايي تهران,1172,مهندسي برق,الكترونيك,1,-,ـــ,مرد,ويژه داوطلبان بومي استان آذربايجان شرقي
دانشگاه تربيت دبير شهيد رجايي تهران,1173,مهندسي برق,الكترونيك,1,-,ـــ,مرد,ويژه داوطلبان بومي استان آذربايجان غربي
دانشگاه تربيت دبير شهيد رجايي تهران,1174,مهندسي برق,الكترونيك,2,-,ـــ,مرد,ويژه داوطلبان بومي استان اصفهان
دانشگاه تربيت دبير شهيد رجايي تهران,1175,مهندسي برق,الكترونيك,1,-,ـــ,مرد,ويژه داوطلبان بومي استان البرز
دانشگاه تربيت دبير شهيد رجايي تهران,1176,مهندسي برق,الكترونيك,1,-,ـــ,مرد,ويژه داوطلبان بومي استان بوشهر
دانشگاه تربيت دبير شهيد رجايي تهران,1177,مهندسي برق,الكترونيك,9,-,ـــ,مرد,ويژه داوطلبان بومي استان تهران
دانشگاه تربيت دبير شهيد رجايي تهران,1178,مهندسي برق,الكترونيك,2,-,ـــ,مرد,ويژه داوطلبان بومي استان خراسان رضوي
دانشگاه تربيت دبير شهيد رجايي تهران,1179,مهندسي برق,الكترونيك,3,-,ـــ,مرد,ويژه داوطلبان بومي استان خوزستان
دانشگاه تربيت دبير شهيد رجايي تهران,1180,مهندسي برق,الكترونيك,2,-,ـــ,مرد,ويژه داوطلبان بومي استان زنجان
دانشگاه تربيت دبير شهيد رجايي تهران,1181,مهندسي برق,الكترونيك,8,-,ـــ,مرد,ويژه داوطلبان بومي استان فارس
دانشگاه تربيت دبير شهيد رجايي تهران,1182,مهندسي برق,الكترونيك,1,-,ـــ,مرد,ويژه داوطلبان بومي استان قم
دانشگاه تربيت دبير شهيد رجايي تهران,1183,مهندسي برق,الكترونيك,2,-,ـــ,مرد,ويژه داوطلبان بومي استان لرستان
دانشگاه تربيت دبير شهيد رجايي تهران,1184,مهندسي برق,الكترونيك,1,-,ـــ,مرد,ويژه داوطلبان بومي استان مازندران
دانشگاه تربيت دبير شهيد رجايي تهران,1185,مهندسي برق,الكترونيك,2,-,ـــ,مرد,ويژه داوطلبان بومي استان مركزي
دانشگاه تربيت دبير شهيد رجايي تهران,1186,مهندسي برق,الكترونيك,2,-,ـــ,مرد,ويژه داوطلبان بومي استان همدان
دانشگاه تربيت دبير شهيد رجايي تهران,1187,مهندسي برق,الكترونيك,2,-,ـــ,مرد,ويژه داوطلبان بومي استان يزد
دانشگاه تربيت دبير شهيد رجايي تهران,1188,مهندسي برق,قدرت,5,-,ـــ,مرد,ويژه داوطلبان بومي استان  تهران
دانشگاه تربيت دبير شهيد رجايي تهران,1189,مهندسي برق,قدرت,1,-,ـــ,مرد,ويژه داوطلبان بومي استان گيلان
دانشگاه تربيت دبير شهيد رجايي تهران,1190,مهندسي برق,قدرت,2,-,ـــ,مرد,ويژه داوطلبان بومي استان آذربايجان شرقي
دانشگاه تربيت دبير شهيد رجايي تهران,1191,مهندسي برق,قدرت,2,-,ـــ,مرد,ويژه داوطلبان بومي استان آذربايجان غربي
دانشگاه تربيت دبير شهيد رجايي تهران,1192,مهندسي برق,قدرت,1,-,ـــ,مرد,ويژه داوطلبان بومي استان اردبيل
دانشگاه تربيت دبير شهيد رجايي تهران,1193,مهندسي برق,قدرت,2,-,ـــ,مرد,ويژه داوطلبان بومي استان اصفهان
دانشگاه تربيت دبير شهيد رجايي تهران,1194,مهندسي برق,قدرت,1,-,ـــ,مرد,ويژه داوطلبان بومي استان البرز
دانشگاه تربيت دبير شهيد رجايي تهران,1195,مهندسي برق,قدرت,1,-,ـــ,مرد,ويژه داوطلبان بومي استان ايلام
دانشگاه تربيت دبير شهيد رجايي تهران,1196,مهندسي برق,قدرت,1,-,ـــ,مرد,ويژه داوطلبان بومي استان بوشهر
دانشگاه تربيت دبير شهيد رجايي تهران,1197,مهندسي برق,قدرت,1,-,ـــ,مرد,ويژه داوطلبان بومي استان چهار محال و بختياري
دانشگاه تربيت دبير شهيد رجايي تهران,1198,مهندسي برق,قدرت,1,-,ـــ,مرد,ويژه داوطلبان بومي استان خراسان جنوبي
دانشگاه تربيت دبير شهيد رجايي تهران,1199,مهندسي برق,قدرت,2,-,ـــ,مرد,ويژه داوطلبان بومي استان خراسان رضوي
دانشگاه تربيت دبير شهيد رجايي تهران,1200,مهندسي برق,قدرت,1,-,ـــ,مرد,ويژه داوطلبان بومي استان خراسان شمالي
دانشگاه تربيت دبير شهيد رجايي تهران,1201,مهندسي برق,قدرت,2,-,ـــ,مرد,ويژه داوطلبان بومي استان خوزستان
دانشگاه تربيت دبير شهيد رجايي تهران,1202,مهندسي برق,قدرت,1,-,ـــ,مرد,ويژه داوطلبان بومي استان زنجان
دانشگاه تربيت دبير شهيد رجايي تهران,1203,مهندسي برق,قدرت,1,-,ـــ,مرد,ويژه داوطلبان بومي استان سمنان
دانشگاه تربيت دبير شهيد رجايي تهران,1204,مهندسي برق,قدرت,1,-,ـــ,مرد,ويژه داوطلبان بومي استان سيستان و بلوچستان
دانشگاه تربيت دبير شهيد رجايي تهران,1205,مهندسي برق,قدرت,1,-,ـــ,مرد,ويژه داوطلبان بومي استان فارس
دانشگاه تربيت دبير شهيد رجايي تهران,1206,مهندسي برق,قدرت,1,-,ـــ,مرد,ويژه داوطلبان بومي استان قزوين
دانشگاه تربيت دبير شهيد رجايي تهران,1207,مهندسي برق,قدرت,1,-,ـــ,مرد,ويژه داوطلبان بومي استان قم
دانشگاه تربيت دبير شهيد رجايي تهران,1208,مهندسي برق,قدرت,1,-,ـــ,مرد,ويژه داوطلبان بومي استان كردستان
دانشگاه تربيت دبير شهيد رجايي تهران,1209,مهندسي برق,قدرت,1,-,ـــ,مرد,ويژه داوطلبان بومي استان كرمان
دانشگاه تربيت دبير شهيد رجايي تهران,1210,مهندسي برق,قدرت,1,-,ـــ,مرد,ويژه داوطلبان بومي استان كرمانشاه
دانشگاه تربيت دبير شهيد رجايي تهران,1211,مهندسي برق,قدرت,1,-,ـــ,مرد,ويژه داوطلبان بومي استان كهكيلويه و بوير احمد
دانشگاه تربيت دبير شهيد رجايي تهران,1212,مهندسي برق,قدرت,1,-,ـــ,مرد,ويژه داوطلبان بومي استان گلستان
دانشگاه تربيت دبير شهيد رجايي تهران,1213,مهندسي برق,قدرت,1,-,ـــ,مرد,ويژه داوطلبان بومي استان لرستان
دانشگاه تربيت دبير شهيد رجايي تهران,1214,مهندسي برق,قدرت,1,-,ـــ,مرد,ويژه داوطلبان بومي استان مازندران
دانشگاه تربيت دبير شهيد رجايي تهران,1215,مهندسي برق,قدرت,1,-,ـــ,مرد,ويژه داوطلبان بومي استان مركزي
دانشگاه تربيت دبير شهيد رجايي تهران,1216,مهندسي برق,قدرت,1,-,ـــ,مرد,ويژه داوطلبان بومي استان هرمزگان
دانشگاه تربيت دبير شهيد رجايي تهران,1217,مهندسي برق,قدرت,1,-,ـــ,مرد,ويژه داوطلبان بومي استان همدان
دانشگاه تربيت دبير شهيد رجايي تهران,1218,مهندسي برق,قدرت,1,-,ـــ,مرد,ويژه داوطلبان بومي استان يزد
دانشگاه تربيت دبير شهيد رجايي تهران,1219,مهندسي عمران,,2,-,ـــ,مرد,ويژه داوطلبان بومي استان آذر بايجان غربي
دانشگاه تربيت دبير شهيد رجايي تهران,1220,مهندسي عمران,,2,-,ـــ,مرد,ويژه داوطلبان بومي استان آذربايجان  شرقي
دانشگاه تربيت دبير شهيد رجايي تهران,1221,مهندسي عمران,,1,-,ـــ,مرد,ويژه داوطلبان بومي استان اردبيل
دانشگاه تربيت دبير شهيد رجايي تهران,1222,مهندسي عمران,,4,-,ـــ,مرد,ويژه داوطلبان بومي استان اصفهان
دانشگاه تربيت دبير شهيد رجايي تهران,1223,مهندسي عمران,,1,-,ـــ,مرد,ويژه داوطلبان بومي استان البرز
دانشگاه تربيت دبير شهيد رجايي تهران,1224,مهندسي عمران,,1,-,ـــ,مرد,ويژه داوطلبان بومي استان ايلام
دانشگاه تربيت دبير شهيد رجايي تهران,1225,مهندسي عمران,,1,-,ـــ,مرد,ويژه داوطلبان بومي استان بوشهر
دانشگاه تربيت دبير شهيد رجايي تهران,1226,مهندسي عمران,,4,-,ـــ,مرد,ويژه داوطلبان بومي استان تهران
دانشگاه تربيت دبير شهيد رجايي تهران,1227,مهندسي عمران,,3,-,ـــ,مرد,ويژه داوطلبان بومي استان خراسان رضوي
دانشگاه تربيت دبير شهيد رجايي تهران,1228,مهندسي عمران,,1,-,ـــ,مرد,ويژه داوطلبان بومي استان خوزستان
دانشگاه تربيت دبير شهيد رجايي تهران,1229,مهندسي عمران,,1,-,ـــ,مرد,ويژه داوطلبان بومي استان زنجان
دانشگاه تربيت دبير شهيد رجايي تهران,1230,مهندسي عمران,,1,-,زن,مرد,ويژه داوطلبان بومي استان سيستان و بلوچستان
دانشگاه تربيت دبير شهيد رجايي تهران,1231,مهندسي عمران,,3,-,ـــ,مرد,ويژه داوطلبان بومي استان فارس
دانشگاه تربيت دبير شهيد رجايي تهران,1232,مهندسي عمران,,1,-,ـــ,مرد,ويژه داوطلبان بومي استان قم
دانشگاه تربيت دبير شهيد رجايي تهران,1233,مهندسي عمران,,1,-,ـــ,مرد,ويژه داوطلبان بومي استان كردستان
دانشگاه تربيت دبير شهيد رجايي تهران,1234,مهندسي عمران,,2,-,ـــ,مرد,ويژه داوطلبان بومي استان كرمان
دانشگاه تربيت دبير شهيد رجايي تهران,1235,مهندسي عمران,,1,-,ـــ,مرد,ويژه داوطلبان بومي استان كرمانشاه
دانشگاه تربيت دبير شهيد رجايي تهران,1236,مهندسي عمران,,1,-,ـــ,مرد,ويژه داوطلبان بومي استان كهكيلويه و بوير احمد
دانشگاه تربيت دبير شهيد رجايي تهران,1237,مهندسي عمران,,1,-,ـــ,مرد,ويژه داوطلبان بومي استان گلستان
دانشگاه تربيت دبير شهيد رجايي تهران,1238,مهندسي عمران,,2,-,ـــ,مرد,ويژه داوطلبان بومي استان گيلان
دانشگاه تربيت دبير شهيد رجايي تهران,1239,مهندسي عمران,,1,-,ـــ,مرد,ويژه داوطلبان بومي استان لرستان
دانشگاه تربيت دبير شهيد رجايي تهران,1240,مهندسي عمران,,2,-,ـــ,مرد,ويژه داوطلبان بومي استان مازندران
دانشگاه تربيت دبير شهيد رجايي تهران,1241,مهندسي عمران,,1,-,ـــ,مرد,ويژه داوطلبان بومي استان مركزي
دانشگاه تربيت دبير شهيد رجايي تهران,1242,مهندسي عمران,,2,-,ـــ,مرد,ويژه داوطلبان بومي استان همدان
دانشگاه تربيت دبير شهيد رجايي تهران,1243,مهندسي عمران,نقشه برداري,1,-,ـــ,مرد,ويژه داوطلبان بومي استان آذر بايجان غربي
دانشگاه تربيت دبير شهيد رجايي تهران,1244,مهندسي عمران,نقشه برداري,4,-,ـــ,مرد,ويژه داوطلبان بومي استان آذربايجان شرقي
ادامه دانشگاه تربيت دبير شهيد رجايي تهران,1245,مهندسي عمران,نقشه برداري,1,-,ـــ,مرد,ويژه داوطلبان بومي استان اردبيل
ادامه دانشگاه تربيت دبير شهيد رجايي تهران,1246,مهندسي عمران,نقشه برداري,1,-,ـــ,مرد,ويژه داوطلبان بومي استان اصفهان
ادامه دانشگاه تربيت دبير شهيد رجايي تهران,1247,مهندسي عمران,نقشه برداري,1,-,ـــ,مرد,ويژه داوطلبان بومي استان البرز
ادامه دانشگاه تربيت دبير شهيد رجايي تهران,1248,مهندسي عمران,نقشه برداري,1,-,ـــ,مرد,ويژه داوطلبان بومي استان بوشهر
ادامه دانشگاه تربيت دبير شهيد رجايي تهران,1249,مهندسي عمران,نقشه برداري,7,-,ـــ,مرد,ويژه داوطلبان بومي استان تهران
ادامه دانشگاه تربيت دبير شهيد رجايي تهران,1250,مهندسي عمران,نقشه برداري,1,-,ـــ,مرد,ويژه داوطلبان بومي استان چهار محال و بختياري
ادامه دانشگاه تربيت دبير شهيد رجايي تهران,1251,مهندسي عمران,نقشه برداري,1,-,ـــ,مرد,ويژه داوطلبان بومي استان خراسان جنوبي
ادامه دانشگاه تربيت دبير شهيد رجايي تهران,1252,مهندسي عمران,نقشه برداري,2,-,ـــ,مرد,ويژه داوطلبان بومي استان خراسان رضوي
ادامه دانشگاه تربيت دبير شهيد رجايي تهران,1253,مهندسي عمران,نقشه برداري,1,-,ـــ,مرد,ويژه داوطلبان بومي استان خوزستان
ادامه دانشگاه تربيت دبير شهيد رجايي تهران,1254,مهندسي عمران,نقشه برداري,1,-,ـــ,مرد,ويژه داوطلبان بومي استان سمنان
ادامه دانشگاه تربيت دبير شهيد رجايي تهران,1255,مهندسي عمران,نقشه برداري,3,-,ـــ,مرد,ويژه داوطلبان بومي استان فارس
ادامه دانشگاه تربيت دبير شهيد رجايي تهران,1256,مهندسي عمران,نقشه برداري,1,-,ـــ,مرد,ويژه داوطلبان بومي استان قزوين
ادامه دانشگاه تربيت دبير شهيد رجايي تهران,1257,مهندسي عمران,نقشه برداري,1,-,ـــ,مرد,ويژه داوطلبان بومي استان قم
ادامه دانشگاه تربيت دبير شهيد رجايي تهران,1258,مهندسي عمران,نقشه برداري,1,-,ـــ,مرد,ويژه داوطلبان بومي استان كردستان
ادامه دانشگاه تربيت دبير شهيد رجايي تهران,1259,مهندسي عمران,نقشه برداري,2,-,ـــ,مرد,ويژه داوطلبان بومي استان كرمان
ادامه دانشگاه تربيت دبير شهيد رجايي تهران,1260,مهندسي عمران,نقشه برداري,1,-,ـــ,مرد,ويژه داوطلبان بومي استان كرمانشاه
ادامه دانشگاه تربيت دبير شهيد رجايي تهران,1261,مهندسي عمران,نقشه برداري,1,-,ـــ,مرد,ويژه داوطلبان بومي استان كهكيلويه و بوير احمد
ادامه دانشگاه تربيت دبير شهيد رجايي تهران,1262,مهندسي عمران,نقشه برداري,1,-,ـــ,مرد,ويژه داوطلبان بومي استان گلستان
ادامه دانشگاه تربيت دبير شهيد رجايي تهران,1263,مهندسي عمران,نقشه برداري,2,-,ـــ,مرد,ويژه داوطلبان بومي استان گيلان
ادامه دانشگاه تربيت دبير شهيد رجايي تهران,1264,مهندسي عمران,نقشه برداري,1,-,ـــ,مرد,ويژه داوطلبان بومي استان لرستان
ادامه دانشگاه تربيت دبير شهيد رجايي تهران,1265,مهندسي عمران,نقشه برداري,1,-,ـــ,مرد,ويژه داوطلبان بومي استان مازندران
ادامه دانشگاه تربيت دبير شهيد رجايي تهران,1266,مهندسي عمران,نقشه برداري,1,-,ـــ,مرد,ويژه داوطلبان بومي استان مركزي
ادامه دانشگاه تربيت دبير شهيد رجايي تهران,1267,مهندسي عمران,نقشه برداري,1,-,ـــ,مرد,ويژه داوطلبان بومي استان هرمزگان
ادامه دانشگاه تربيت دبير شهيد رجايي تهران,1268,مهندسي عمران,نقشه برداري,1,-,ـــ,مرد,ويژه داوطلبان بومي استان يزد
ادامه دانشگاه تربيت دبير شهيد رجايي تهران,1269,مهندسي كامپيوتر,نرم افزار,4,-,2,2,ويژه داوطلبان بومي استان آذربايجان شرقي
ادامه دانشگاه تربيت دبير شهيد رجايي تهران,1270,مهندسي كامپيوتر,نرم افزار,1,-,ـــ,مرد,ويژه داوطلبان بومي استان آذربايجان غربي
ادامه دانشگاه تربيت دبير شهيد رجايي تهران,1271,مهندسي كامپيوتر,نرم افزار,2,-,ـــ,مرد,ويژه داوطلبان بومي استان اردبيل
ادامه دانشگاه تربيت دبير شهيد رجايي تهران,1272,مهندسي كامپيوتر,نرم افزار,1,-,زن,ـــ,ويژه داوطلبان بومي استان اصفهان
ادامه دانشگاه تربيت دبير شهيد رجايي تهران,1273,مهندسي كامپيوتر,نرم افزار,1,-,زن,ـــ,ويژه داوطلبان بومي استان بوشهر
ادامه دانشگاه تربيت دبير شهيد رجايي تهران,1274,مهندسي كامپيوتر,نرم افزار,7,-,5,2,ويژه داوطلبان بومي استان تهران
ادامه دانشگاه تربيت دبير شهيد رجايي تهران,1275,مهندسي كامپيوتر,نرم افزار,1,-,ـــ,مرد,ويژه داوطلبان بومي استان چهار محال و بختياري
ادامه دانشگاه تربيت دبير شهيد رجايي تهران,1276,مهندسي كامپيوتر,نرم افزار,1,-,ـــ,مرد,ويژه داوطلبان بومي استان خراسان رضوي
ادامه دانشگاه تربيت دبير شهيد رجايي تهران,1277,مهندسي كامپيوتر,نرم افزار,1,-,زن,ـــ,ويژه داوطلبان بومي استان خراسان شمالي
ادامه دانشگاه تربيت دبير شهيد رجايي تهران,1278,مهندسي كامپيوتر,نرم افزار,4,-,1,3,ويژه داوطلبان بومي استان خوزستان
ادامه دانشگاه تربيت دبير شهيد رجايي تهران,1279,مهندسي كامپيوتر,نرم افزار,1,-,زن,ـــ,ويژه داوطلبان بومي استان سيستان و بلوچستان
ادامه دانشگاه تربيت دبير شهيد رجايي تهران,1280,مهندسي كامپيوتر,نرم افزار,1,-,زن,ـــ,ويژه داوطلبان بومي استان قزوين
ادامه دانشگاه تربيت دبير شهيد رجايي تهران,1281,مهندسي كامپيوتر,نرم افزار,1,-,زن,ـــ,ويژه داوطلبان بومي استان قم
ادامه دانشگاه تربيت دبير شهيد رجايي تهران,1282,مهندسي كامپيوتر,نرم افزار,1,-,زن,ـــ,ويژه داوطلبان بومي استان كردستان
ادامه دانشگاه تربيت دبير شهيد رجايي تهران,1283,مهندسي كامپيوتر,نرم افزار,1,-,ـــ,مرد,ويژه داوطلبان بومي استان كرمانشاه
ادامه دانشگاه تربيت دبير شهيد رجايي تهران,1284,مهندسي كامپيوتر,نرم افزار,1,-,زن,ـــ,ويژه داوطلبان بومي استان كهكيلويه و بوير احمد
ادامه دانشگاه تربيت دبير شهيد رجايي تهران,1285,مهندسي كامپيوتر,نرم افزار,2,-,ـــ,مرد,ويژه داوطلبان بومي استان گلستان
ادامه دانشگاه تربيت دبير شهيد رجايي تهران,1286,مهندسي كامپيوتر,نرم افزار,1,-,زن,ـــ,ويژه داوطلبان بومي استان لرستان
ادامه دانشگاه تربيت دبير شهيد رجايي تهران,1287,مهندسي كامپيوتر,نرم افزار,1,-,زن,ـــ,ويژه داوطلبان بومي استان مازندران
ادامه دانشگاه تربيت دبير شهيد رجايي تهران,1288,مهندسي كامپيوتر,نرم افزار,2,-,1,1,ويژه داوطلبان بومي استان مركزي
ادامه دانشگاه تربيت دبير شهيد رجايي تهران,1289,مهندسي كامپيوتر,نرم افزار,2,-,1,1,ويژه داوطلبان بومي استان هرمزگان
ادامه دانشگاه تربيت دبير شهيد رجايي تهران,1290,مهندسي كامپيوتر,نرم افزار,1,-,ـــ,مرد,ويژه داوطلبان بومي استان همدان
ادامه دانشگاه تربيت دبير شهيد رجايي تهران,1291,مهندسي كامپيوتر,نرم افزار,2,-,ـــ,مرد,ويژه داوطلبان بومي استان يزد
ادامه دانشگاه تربيت دبير شهيد رجايي تهران,1292,مهندسي معماري,,1,-,ـــ,مرد,ويژه داوطلبان بومي استان  ايلام
ادامه دانشگاه تربيت دبير شهيد رجايي تهران,1293,مهندسي معماري,,3,-,2,1,ويژه داوطلبان بومي استان آذربايجان شرقي
ادامه دانشگاه تربيت دبير شهيد رجايي تهران,1294,مهندسي معماري,,2,-,1,1,ويژه داوطلبان بومي استان آذربايجان غربي
ادامه دانشگاه تربيت دبير شهيد رجايي تهران,1295,مهندسي معماري,,1,-,ـــ,مرد,ويژه داوطلبان بومي استان اردبيل
ادامه دانشگاه تربيت دبير شهيد رجايي تهران,1296,مهندسي معماري,,2,-,زن,ـــ,ويژه داوطلبان بومي استان اصفهان
ادامه دانشگاه تربيت دبير شهيد رجايي تهران,1297,مهندسي معماري,,2,-,1,1,ويژه داوطلبان بومي استان البرز
ادامه دانشگاه تربيت دبير شهيد رجايي تهران,1298,مهندسي معماري,,1,-,ـــ,مرد,ويژه داوطلبان بومي استان بوشهر
ادامه دانشگاه تربيت دبير شهيد رجايي تهران,1299,مهندسي معماري,,4,-,3,1,ويژه داوطلبان بومي استان تهران
ادامه دانشگاه تربيت دبير شهيد رجايي تهران,1300,مهندسي معماري,,1,-,ـــ,مرد,ويژه داوطلبان بومي استان چهارمحال و بختياري
ادامه دانشگاه تربيت دبير شهيد رجايي تهران,1301,مهندسي معماري,,2,-,1,1,ويژه داوطلبان بومي استان خراسان جنوبي
ادامه دانشگاه تربيت دبير شهيد رجايي تهران,1302,مهندسي معماري,,1,-,زن,ـــ,ويژه داوطلبان بومي استان خراسان رضوي
ادامه دانشگاه تربيت دبير شهيد رجايي تهران,1303,مهندسي معماري,,1,-,ـــ,مرد,ويژه داوطلبان بومي استان خراسان شمالي
ادامه دانشگاه تربيت دبير شهيد رجايي تهران,1304,مهندسي معماري,,2,-,1,1,ويژه داوطلبان بومي استان خوزستان
ادامه دانشگاه تربيت دبير شهيد رجايي تهران,1305,مهندسي معماري,,2,-,1,1,ويژه داوطلبان بومي استان سيستان و بلوچستان
ادامه دانشگاه تربيت دبير شهيد رجايي تهران,1306,مهندسي معماري,,1,-,زن,ـــ,ويژه داوطلبان بومي استان فارس
ادامه دانشگاه تربيت دبير شهيد رجايي تهران,1307,مهندسي معماري,,1,-,ـــ,مرد,ويژه داوطلبان بومي استان قزوين
ادامه دانشگاه تربيت دبير شهيد رجايي تهران,1308,مهندسي معماري,,1,-,ـــ,مرد,ويژه داوطلبان بومي استان قم
ادامه دانشگاه تربيت دبير شهيد رجايي تهران,1309,مهندسي معماري,,1,-,ـــ,مرد,ويژه داوطلبان بومي استان كردستان
ادامه دانشگاه تربيت دبير شهيد رجايي تهران,1310,مهندسي معماري,,2,-,زن,ـــ,ويژه داوطلبان بومي استان كرمان
ادامه دانشگاه تربيت دبير شهيد رجايي تهران,1311,مهندسي معماري,,1,-,ـــ,مرد,ويژه داوطلبان بومي استان كرمانشاه
ادامه دانشگاه تربيت دبير شهيد رجايي تهران,1312,مهندسي معماري,,1,-,ـــ,مرد,ويژه داوطلبان بومي استان كهكيلويه و بوير احمد
ادامه دانشگاه تربيت دبير شهيد رجايي تهران,1313,مهندسي معماري,,1,-,زن,ـــ,ويژه داوطلبان بومي استان گلستان
ادامه دانشگاه تربيت دبير شهيد رجايي تهران,1314,مهندسي معماري,,1,-,زن,ـــ,ويژه داوطلبان بومي استان گيلان
ادامه دانشگاه تربيت دبير شهيد رجايي تهران,1315,مهندسي معماري,,1,-,ـــ,مرد,ويژه داوطلبان بومي استان لرستان
ادامه دانشگاه تربيت دبير شهيد رجايي تهران,1316,مهندسي معماري,,1,-,زن,ـــ,ويژه داوطلبان بومي استان مازندران
ادامه دانشگاه تربيت دبير شهيد رجايي تهران,1317,مهندسي معماري,,2,-,1,1,ويژه داوطلبان بومي استان مركزي
ادامه دانشگاه تربيت دبير شهيد رجايي تهران,1318,مهندسي معماري,,1,-,ـــ,مرد,ويژه داوطلبان بومي استان همدان
ادامه دانشگاه تربيت دبير شهيد رجايي تهران,1319,مهندسي مكانيك,,2,-,ـــ,مرد,ويژه داوطلبان بومي استان آذربايجانشرقي/زمينه تخصصي مكانيك خودرو
ادامه دانشگاه تربيت دبير شهيد رجايي تهران,1320,مهندسي مكانيك,,2,-,ـــ,مرد,ويژه داوطلبان بومي استان آذربايجانغربي/زمينه تخصصي مكانيك خودرو
ادامه دانشگاه تربيت دبير شهيد رجايي تهران,1321,مهندسي مكانيك,,1,-,ـــ,مرد,ويژه داوطلبان بومي استان اردبيل/زمينه تخصصي مكانيك خودرو
ادامه دانشگاه تربيت دبير شهيد رجايي تهران,1322,مهندسي مكانيك,,3,-,ـــ,مرد,ويژه داوطلبان بومي استان اصفهان/زمينه تخصصي مكانيك خودرو
ادامه دانشگاه تربيت دبير شهيد رجايي تهران,1323,مهندسي مكانيك,,1,-,ـــ,مرد,ويژه داوطلبان بومي استان البرز/زمينه تخصصي مكانيك خودرو
ادامه دانشگاه تربيت دبير شهيد رجايي تهران,1324,مهندسي مكانيك,,1,-,ـــ,مرد,ويژه داوطلبان بومي استان ايلام/زمينه تخصصي مكانيك خودرو
ادامه دانشگاه تربيت دبير شهيد رجايي تهران,1325,مهندسي مكانيك,,1,-,ـــ,مرد,ويژه داوطلبان بومي استان بوشهر/زمينه تخصصي مكانيك خودرو
ادامه دانشگاه تربيت دبير شهيد رجايي تهران,1326,مهندسي مكانيك,,4,-,ـــ,مرد,ويژه داوطلبان بومي استان تهران/زمينه تخصصي مكانيك خودرو
ادامه دانشگاه تربيت دبير شهيد رجايي تهران,1327,مهندسي مكانيك,,1,-,ـــ,مرد,ويژهداوطلبانبومي استان چهارمحال وبختياري/زمينهتخصصي مكانيكخودرو
ادامه دانشگاه تربيت دبير شهيد رجايي تهران,1328,مهندسي مكانيك,,1,-,ـــ,مرد,ويژه داوطلبان بومي استان خراسان جنوبي/زمينه تخصصي مكانيك خودرو
ادامه دانشگاه تربيت دبير شهيد رجايي تهران,1329,مهندسي مكانيك,,2,-,ـــ,مرد,ويژه داوطلبان بومي استان خراسان رضوي/زمينه تخصصي مكانيك خودرو
ادامه دانشگاه تربيت دبير شهيد رجايي تهران,1330,مهندسي مكانيك,,1,-,ـــ,مرد,ويژه داوطلبان بومي استان خراسان شمالي/زمينه تخصصي مكانيك خودرو
ادامه دانشگاه تربيت دبير شهيد رجايي تهران,1331,مهندسي مكانيك,,1,-,ـــ,مرد,ويژه داوطلبان بومي استان خوزستان/زمينه تخصصي مكانيك خودرو
ادامه دانشگاه تربيت دبير شهيد رجايي تهران,1332,مهندسي مكانيك,,1,-,ـــ,مرد,ويژه داوطلبان بومي استان زنجان/زمينه تخصصي مكانيك خودرو
ادامه دانشگاه تربيت دبير شهيد رجايي تهران,1333,مهندسي مكانيك,,1,-,ـــ,مرد,ويژه داوطلبان بومي استان سمنان/زمينه تخصصي مكانيك خودرو
ادامه دانشگاه تربيت دبير شهيد رجايي تهران,1334,مهندسي مكانيك,,1,-,ـــ,مرد,ويژه داوطلبانبومي استان سيستان وبلوچستان/زمينه تخصصي مكانيك خودرو
ادامه دانشگاه تربيت دبير شهيد رجايي تهران,1335,مهندسي مكانيك,,5,-,ـــ,مرد,ويژه داوطلبان بومي استان فارس/زمينه تخصصي مكانيك خودرو
ادامه دانشگاه تربيت دبير شهيد رجايي تهران,1336,مهندسي مكانيك,,1,-,ـــ,مرد,ويژه داوطلبان بومي استان قزوين/زمينه تخصصي مكانيك خودرو
ادامه دانشگاه تربيت دبير شهيد رجايي تهران,1337,مهندسي مكانيك,,1,-,ـــ,مرد,ويژه داوطلبان بومي استان قم/زمينه تخصصي مكانيك خودرو
ادامه دانشگاه تربيت دبير شهيد رجايي تهران,1338,مهندسي مكانيك,,1,-,ـــ,مرد,ويژه داوطلبان بومي استان كردستان/زمينه تخصصي مكانيك خودرو
ادامه دانشگاه تربيت دبير شهيد رجايي تهران,1339,مهندسي مكانيك,,1,-,ـــ,مرد,ويژه داوطلبان بومي استان كرمان/زمينه تخصصي مكانيك خودرو
ادامه دانشگاه تربيت دبير شهيد رجايي تهران,1340,مهندسي مكانيك,,1,-,ـــ,مرد,ويژه داوطلبان بومي استان كرمانشاه/زمينه تخصصي مكانيك خودرو
ادامه دانشگاه تربيت دبير شهيد رجايي تهران,1341,مهندسي مكانيك,,1,-,ـــ,مرد,ويژه داوطلبانبومياستانكهكيلويه وبويراحمد/زمينه تخصصي مكانيك خودرو
ادامه دانشگاه تربيت دبير شهيد رجايي تهران,1342,مهندسي مكانيك,,1,-,ـــ,مرد,ويژه داوطلبان بومي استان لرستان/زمينه تخصصي مكانيك خودرو
ادامه دانشگاه تربيت دبير شهيد رجايي تهران,1343,مهندسي مكانيك,,1,-,ـــ,مرد,ويژه داوطلبان بومي استان مازندران/زمينه تخصصي مكانيك خودرو
ادامه دانشگاه تربيت دبير شهيد رجايي تهران,1344,مهندسي مكانيك,,1,-,ـــ,مرد,ويژه داوطلبان بومي استان هرمزگان/زمينه تخصصي مكانيك خودرو
ادامه دانشگاه تربيت دبير شهيد رجايي تهران,1345,مهندسي مكانيك,,1,-,ـــ,مرد,ويژه داوطلبان بومي استان يزد/زمينه تخصصي مكانيك خودرو
ادامه دانشگاه تربيت دبير شهيد رجايي تهران,1346,مهندسي مكانيك,تاسيسات حرارتي و برودتي,3,-,ـــ,مرد,ويژه داوطلبان بومي استان آذربايجان شرقي
ادامه دانشگاه تربيت دبير شهيد رجايي تهران,1347,مهندسي مكانيك,تاسيسات حرارتي و برودتي,2,-,ـــ,مرد,ويژه داوطلبان بومي استان آذربايجان غربي
ادامه دانشگاه تربيت دبير شهيد رجايي تهران,1348,مهندسي مكانيك,تاسيسات حرارتي و برودتي,1,-,ـــ,مرد,ويژه داوطلبان بومي استان اصفهان
ادامه دانشگاه تربيت دبير شهيد رجايي تهران,1349,مهندسي مكانيك,تاسيسات حرارتي و برودتي,2,-,ـــ,مرد,ويژه داوطلبان بومي استان تهران
ادامه دانشگاه تربيت دبير شهيد رجايي تهران,1350,مهندسي مكانيك,تاسيسات حرارتي و برودتي,2,-,ـــ,مرد,ويژه داوطلبان بومي استان خراسان رضوي
ادامه دانشگاه تربيت دبير شهيد رجايي تهران,1351,مهندسي مكانيك,تاسيسات حرارتي و برودتي,2,-,ـــ,مرد,ويژه داوطلبان بومي استان خوزستان
ادامه دانشگاه تربيت دبير شهيد رجايي تهران,1352,مهندسي مكانيك,تاسيسات حرارتي و برودتي,1,-,ـــ,مرد,ويژه داوطلبان بومي استان سيستان و بلوچستان
ادامه دانشگاه تربيت دبير شهيد رجايي تهران,1353,مهندسي مكانيك,تاسيسات حرارتي و برودتي,1,-,ـــ,مرد,ويژه داوطلبان بومي استان فارس
ادامه دانشگاه تربيت دبير شهيد رجايي تهران,1354,مهندسي مكانيك,تاسيسات حرارتي و برودتي,1,-,ـــ,مرد,ويژه داوطلبان بومي استان كرمان
ادامه دانشگاه تربيت دبير شهيد رجايي تهران,1355,مهندسي مكانيك,تاسيسات حرارتي و برودتي,1,-,ـــ,مرد,ويژه داوطلبان بومي استان كرمانشاه
ادامه دانشگاه تربيت دبير شهيد رجايي تهران,1356,مهندسي مكانيك,تاسيسات حرارتي و برودتي,1,-,ـــ,مرد,ويژه داوطلبان بومي استان گلستان
ادامه دانشگاه تربيت دبير شهيد رجايي تهران,1357,مهندسي مكانيك,تاسيسات حرارتي و برودتي,1,-,ـــ,مرد,ويژه داوطلبان بومي استان گيلان
ادامه دانشگاه تربيت دبير شهيد رجايي تهران,1358,مهندسي مكانيك,تاسيسات حرارتي و برودتي,1,-,ـــ,مرد,ويژه داوطلبان بومي استان مازندران
ادامه دانشگاه تربيت دبير شهيد رجايي تهران,1359,مهندسي مكانيك,تاسيسات حرارتي و برودتي,1,-,ـــ,مرد,ويژه داوطلبان بومي استان همدان
ادامه دانشگاه تربيت دبير شهيد رجايي تهران,1360,مهندسي مكانيك,ساخت و توليد,1,-,ـــ,مرد,ويژه داوطلبان بومي استان  خراسان جنوبي
ادامه دانشگاه تربيت دبير شهيد رجايي تهران,1361,مهندسي مكانيك,ساخت و توليد,2,-,ـــ,مرد,ويژه داوطلبان بومي استان آذربايجان شرقي
ادامه دانشگاه تربيت دبير شهيد رجايي تهران,1362,مهندسي مكانيك,ساخت و توليد,1,-,ـــ,مرد,ويژه داوطلبان بومي استان آذربايجان غربي
ادامه دانشگاه تربيت دبير شهيد رجايي تهران,1363,مهندسي مكانيك,ساخت و توليد,1,-,ـــ,مرد,ويژه داوطلبان بومي استان اردبيل
ادامه دانشگاه تربيت دبير شهيد رجايي تهران,1364,مهندسي مكانيك,ساخت و توليد,1,-,ـــ,مرد,ويژه داوطلبان بومي استان اصفهان
ادامه دانشگاه تربيت دبير شهيد رجايي تهران,1365,مهندسي مكانيك,ساخت و توليد,1,-,ـــ,مرد,ويژه داوطلبان بومي استان البرز
ادامه دانشگاه تربيت دبير شهيد رجايي تهران,1366,مهندسي مكانيك,ساخت و توليد,1,-,ـــ,مرد,ويژه داوطلبان بومي استان بوشهر
ادامه دانشگاه تربيت دبير شهيد رجايي تهران,1367,مهندسي مكانيك,ساخت و توليد,4,-,ـــ,مرد,ويژه داوطلبان بومي استان تهران
ادامه دانشگاه تربيت دبير شهيد رجايي تهران,1368,مهندسي مكانيك,ساخت و توليد,7,-,ـــ,مرد,ويژه داوطلبان بومي استان خراسان رضوي
ادامه دانشگاه تربيت دبير شهيد رجايي تهران,1369,مهندسي مكانيك,ساخت و توليد,1,-,ـــ,مرد,ويژه داوطلبان بومي استان خراسان شمالي
ادامه دانشگاه تربيت دبير شهيد رجايي تهران,1370,مهندسي مكانيك,ساخت و توليد,1,-,ـــ,مرد,ويژه داوطلبان بومي استان خوزستان
ادامه دانشگاه تربيت دبير شهيد رجايي تهران,1371,مهندسي مكانيك,ساخت و توليد,1,-,ـــ,مرد,ويژه داوطلبان بومي استان سيستان و بلوچستان
ادامه دانشگاه تربيت دبير شهيد رجايي تهران,1372,مهندسي مكانيك,ساخت و توليد,2,-,ـــ,مرد,ويژه داوطلبان بومي استان فارس
ادامه دانشگاه تربيت دبير شهيد رجايي تهران,1373,مهندسي مكانيك,ساخت و توليد,1,-,ـــ,مرد,ويژه داوطلبان بومي استان قزوين
ادامه دانشگاه تربيت دبير شهيد رجايي تهران,1374,مهندسي مكانيك,ساخت و توليد,1,-,ـــ,مرد,ويژه داوطلبان بومي استان كرمان
ادامه دانشگاه تربيت دبير شهيد رجايي تهران,1375,مهندسي مكانيك,ساخت و توليد,1,-,ـــ,مرد,ويژه داوطلبان بومي استان كرمانشاه
ادامه دانشگاه تربيت دبير شهيد رجايي تهران,1376,مهندسي مكانيك,ساخت و توليد,1,-,ـــ,مرد,ويژه داوطلبان بومي استان كهكيلويه و بوير احمد
ادامه دانشگاه تربيت دبير شهيد رجايي تهران,1377,مهندسي مكانيك,ساخت و توليد,1,-,ـــ,مرد,ويژه داوطلبان بومي استان گلستان
ادامه دانشگاه تربيت دبير شهيد رجايي تهران,1378,مهندسي مكانيك,ساخت و توليد,4,-,ـــ,مرد,ويژه داوطلبان بومي استان مازندران
ادامه دانشگاه تربيت دبير شهيد رجايي تهران,1379,مهندسي مكانيك,ساخت و توليد,2,-,ـــ,مرد,ويژه داوطلبان بومي استان مركزي
ادامه دانشگاه تربيت دبير شهيد رجايي تهران,1380,مهندسي مكانيك,ساخت و توليد,1,-,ـــ,مرد,ويژه داوطلبان بومي استان هرمزگان
ادامه دانشگاه تربيت دبير شهيد رجايي تهران,1381,مهندسي مكانيك,ساخت و توليد,2,-,ـــ,مرد,ويژه داوطلبان بومي استان همدان
ادامه دانشگاه تربيت دبير شهيد رجايي تهران,1382,مهندسي مكانيك,ساخت و توليد,2,-,ـــ,مرد,ويژه داوطلبان بومي استان يزد
ادامه دانشگاه تربيت دبير شهيد رجايي تهران,1383,مهندسي مكانيك,مكانيك درحرارت و سيالات,2,-,ـــ,مرد,ويژه داوطلبان بومي استان آذربايجان شرقي
ادامه دانشگاه تربيت دبير شهيد رجايي تهران,1384,مهندسي مكانيك,مكانيك درحرارت و سيالات,1,-,ـــ,مرد,ويژه داوطلبان بومي استان آذربايجان غربي
ادامه دانشگاه تربيت دبير شهيد رجايي تهران,1385,مهندسي مكانيك,مكانيك درحرارت و سيالات,1,-,ـــ,مرد,ويژه داوطلبان بومي استان اصفهان
ادامه دانشگاه تربيت دبير شهيد رجايي تهران,1386,مهندسي مكانيك,مكانيك درحرارت و سيالات,2,-,ـــ,مرد,ويژه داوطلبان بومي استان تهران
ادامه دانشگاه تربيت دبير شهيد رجايي تهران,1387,مهندسي مكانيك,مكانيك درحرارت و سيالات,2,-,ـــ,مرد,ويژه داوطلبان بومي استان خراسان رضوي
ادامه دانشگاه تربيت دبير شهيد رجايي تهران,1388,مهندسي مكانيك,مكانيك درحرارت و سيالات,1,-,ـــ,مرد,ويژه داوطلبان بومي استان خوزستان
ادامه دانشگاه تربيت دبير شهيد رجايي تهران,1389,مهندسي مكانيك,مكانيك درحرارت و سيالات,1,-,ـــ,مرد,ويژه داوطلبان بومي استان سيستان و بلوچستان
ادامه دانشگاه تربيت دبير شهيد رجايي تهران,1390,مهندسي مكانيك,مكانيك درحرارت و سيالات,2,-,ـــ,مرد,ويژه داوطلبان بومي استان فارس
ادامه دانشگاه تربيت دبير شهيد رجايي تهران,1391,مهندسي مكانيك,مكانيك درحرارت و سيالات,1,-,ـــ,مرد,ويژه داوطلبان بومي استان كردستان
ادامه دانشگاه تربيت دبير شهيد رجايي تهران,1392,مهندسي مكانيك,مكانيك درحرارت و سيالات,2,-,ـــ,مرد,ويژه داوطلبان بومي استان كرمان
ادامه دانشگاه تربيت دبير شهيد رجايي تهران,1393,مهندسي مكانيك,مكانيك درحرارت و سيالات,1,-,ـــ,مرد,ويژه داوطلبان بومي استان گلستان
ادامه دانشگاه تربيت دبير شهيد رجايي تهران,1394,مهندسي مكانيك,مكانيك درحرارت و سيالات,1,-,ـــ,مرد,ويژه داوطلبان بومي استان گيلان
ادامه دانشگاه تربيت دبير شهيد رجايي تهران,1395,مهندسي مكانيك,مكانيك درحرارت و سيالات,2,-,ـــ,مرد,ويژه داوطلبان بومي استان مازندران
ادامه دانشگاه تربيت دبير شهيد رجايي تهران,1396,مهندسي مكانيك,مكانيك درحرارت و سيالات,1,-,ـــ,مرد,ويژه داوطلبان بومي استان همدان
ادامه دانشگاه تربيت دبير شهيد رجايي تهران,1397,مهندسي مكانيك,مكانيك در طراحي جامدات,1,-,ـــ,مرد,ويژه داوطلبان بومي استان  كهكيلويه و بوير احمد
ادامه دانشگاه تربيت دبير شهيد رجايي تهران,1398,مهندسي مكانيك,مكانيك در طراحي جامدات,2,-,ـــ,مرد,ويژه داوطلبان بومي استان آذربايجان شرقي
ادامه دانشگاه تربيت دبير شهيد رجايي تهران,1399,مهندسي مكانيك,مكانيك در طراحي جامدات,2,-,ـــ,مرد,ويژه داوطلبان بومي استان آذربايجان غربي
ادامه دانشگاه تربيت دبير شهيد رجايي تهران,1400,مهندسي مكانيك,مكانيك در طراحي جامدات,1,-,ـــ,مرد,ويژه داوطلبان بومي استان اردبيل
ادامه دانشگاه تربيت دبير شهيد رجايي تهران,1401,مهندسي مكانيك,مكانيك در طراحي جامدات,2,-,ـــ,مرد,ويژه داوطلبان بومي استان اصفهان
ادامه دانشگاه تربيت دبير شهيد رجايي تهران,1402,مهندسي مكانيك,مكانيك در طراحي جامدات,1,-,ـــ,مرد,ويژه داوطلبان بومي استان البرز
ادامه دانشگاه تربيت دبير شهيد رجايي تهران,1403,مهندسي مكانيك,مكانيك در طراحي جامدات,1,-,ـــ,مرد,ويژه داوطلبان بومي استان ايلام
ادامه دانشگاه تربيت دبير شهيد رجايي تهران,1404,مهندسي مكانيك,مكانيك در طراحي جامدات,1,-,ـــ,مرد,ويژه داوطلبان بومي استان بوشهر
ادامه دانشگاه تربيت دبير شهيد رجايي تهران,1405,مهندسي مكانيك,مكانيك در طراحي جامدات,3,-,ـــ,مرد,ويژه داوطلبان بومي استان تهران
ادامه دانشگاه تربيت دبير شهيد رجايي تهران,1406,مهندسي مكانيك,مكانيك در طراحي جامدات,1,-,ـــ,مرد,ويژه داوطلبان بومي استان چهار محال و بختياري
ادامه دانشگاه تربيت دبير شهيد رجايي تهران,1407,مهندسي مكانيك,مكانيك در طراحي جامدات,2,-,ـــ,مرد,ويژه داوطلبان بومي استان خراسان رضوي
ادامه دانشگاه تربيت دبير شهيد رجايي تهران,1408,مهندسي مكانيك,مكانيك در طراحي جامدات,1,-,ـــ,مرد,ويژه داوطلبان بومي استان خورستان
ادامه دانشگاه تربيت دبير شهيد رجايي تهران,1409,مهندسي مكانيك,مكانيك در طراحي جامدات,1,-,ـــ,مرد,ويژه داوطلبان بومي استان سمنان
ادامه دانشگاه تربيت دبير شهيد رجايي تهران,1410,مهندسي مكانيك,مكانيك در طراحي جامدات,1,-,ـــ,مرد,ويژه داوطلبان بومي استان سيستان و بلوچستان
ادامه دانشگاه تربيت دبير شهيد رجايي تهران,1411,مهندسي مكانيك,مكانيك در طراحي جامدات,2,-,ـــ,مرد,ويژه داوطلبان بومي استان فارس
ادامه دانشگاه تربيت دبير شهيد رجايي تهران,1412,مهندسي مكانيك,مكانيك در طراحي جامدات,1,-,ـــ,مرد,ويژه داوطلبان بومي استان قزوين
ادامه دانشگاه تربيت دبير شهيد رجايي تهران,1413,مهندسي مكانيك,مكانيك در طراحي جامدات,1,-,ـــ,مرد,ويژه داوطلبان بومي استان قم
ادامه دانشگاه تربيت دبير شهيد رجايي تهران,1414,مهندسي مكانيك,مكانيك در طراحي جامدات,1,-,ـــ,مرد,ويژه داوطلبان بومي استان كردستان
ادامه دانشگاه تربيت دبير شهيد رجايي تهران,1415,مهندسي مكانيك,مكانيك در طراحي جامدات,1,-,ـــ,مرد,ويژه داوطلبان بومي استان كرمان
ادامه دانشگاه تربيت دبير شهيد رجايي تهران,1416,مهندسي مكانيك,مكانيك در طراحي جامدات,1,-,ـــ,مرد,ويژه داوطلبان بومي استان كرمانشاه
ادامه دانشگاه تربيت دبير شهيد رجايي تهران,1417,مهندسي مكانيك,مكانيك در طراحي جامدات,2,-,ـــ,مرد,ويژه داوطلبان بومي استان گلستان
ادامه دانشگاه تربيت دبير شهيد رجايي تهران,1418,مهندسي مكانيك,مكانيك در طراحي جامدات,2,-,ـــ,مرد,ويژه داوطلبان بومي استان گيلان
ادامه دانشگاه تربيت دبير شهيد رجايي تهران,1419,مهندسي مكانيك,مكانيك در طراحي جامدات,1,-,ـــ,مرد,ويژه داوطلبان بومي استان لرستان
ادامه دانشگاه تربيت دبير شهيد رجايي تهران,1420,مهندسي مكانيك,مكانيك در طراحي جامدات,2,-,ـــ,مرد,ويژه داوطلبان بومي استان مازندران
ادامه دانشگاه تربيت دبير شهيد رجايي تهران,1421,مهندسي مكانيك,مكانيك در طراحي جامدات,1,-,ـــ,مرد,ويژه داوطلبان بومي استان مركزي
ادامه دانشگاه تربيت دبير شهيد رجايي تهران,1422,مهندسي مكانيك,مكانيك در طراحي جامدات,2,-,ـــ,مرد,ويژه داوطلبان بومي استان هرمزگان
ادامه دانشگاه تربيت دبير شهيد رجايي تهران,1423,مهندسي مكانيك,مكانيك در طراحي جامدات,1,-,ـــ,مرد,ويژه داوطلبان بومي استان همدان
ادامه دانشگاه تربيت دبير شهيد رجايي تهران,1424,مهندسي مكانيك,مكانيك در طراحي جامدات,2,-,ـــ,مرد,ويژه داوطلبان بومي استان يزد
ادامه دانشگاه تربيت دبير شهيد رجايي تهران,1425,مهندسي مواد,متالوژي صنعتي,1,-,ـــ,مرد,ويژه داوطلبان بومي استان  خراسان جنوبي
ادامه دانشگاه تربيت دبير شهيد رجايي تهران,1426,مهندسي مواد,متالوژي صنعتي,1,-,ـــ,مرد,ويژه داوطلبان بومي استان  خراسان شمالي
ادامه دانشگاه تربيت دبير شهيد رجايي تهران,1427,مهندسي مواد,متالوژي صنعتي,1,-,ـــ,مرد,ويژه داوطلبان بومي استان  كردستان
ادامه دانشگاه تربيت دبير شهيد رجايي تهران,1428,مهندسي مواد,متالوژي صنعتي,1,-,ـــ,مرد,ويژه داوطلبان بومي استان  مركزي
ادامه دانشگاه تربيت دبير شهيد رجايي تهران,1429,مهندسي مواد,متالوژي صنعتي,2,-,ـــ,مرد,ويژه داوطلبان بومي استان آذربايجان شرقي
ادامه دانشگاه تربيت دبير شهيد رجايي تهران,1430,مهندسي مواد,متالوژي صنعتي,2,-,ـــ,مرد,ويژه داوطلبان بومي استان آذربايجان غربي
ادامه دانشگاه تربيت دبير شهيد رجايي تهران,1431,مهندسي مواد,متالوژي صنعتي,3,-,ـــ,مرد,ويژه داوطلبان بومي استان اصفهان
ادامه دانشگاه تربيت دبير شهيد رجايي تهران,1432,مهندسي مواد,متالوژي صنعتي,3,-,ـــ,مرد,ويژه داوطلبان بومي استان تهران
ادامه دانشگاه تربيت دبير شهيد رجايي تهران,1433,مهندسي مواد,متالوژي صنعتي,1,-,ـــ,مرد,ويژه داوطلبان بومي استان چهار محال و بختياري
ادامه دانشگاه تربيت دبير شهيد رجايي تهران,1434,مهندسي مواد,متالوژي صنعتي,3,-,ـــ,مرد,ويژه داوطلبان بومي استان خراسان رضوي
ادامه دانشگاه تربيت دبير شهيد رجايي تهران,1435,مهندسي مواد,متالوژي صنعتي,1,-,ـــ,مرد,ويژه داوطلبان بومي استان خوزستان
ادامه دانشگاه تربيت دبير شهيد رجايي تهران,1436,مهندسي مواد,متالوژي صنعتي,1,-,ـــ,مرد,ويژه داوطلبان بومي استان زنجان
ادامه دانشگاه تربيت دبير شهيد رجايي تهران,1437,مهندسي مواد,متالوژي صنعتي,1,-,ـــ,مرد,ويژه داوطلبان بومي استان سمنان
ادامه دانشگاه تربيت دبير شهيد رجايي تهران,1438,مهندسي مواد,متالوژي صنعتي,1,-,ـــ,مرد,ويژه داوطلبان بومي استان سيستان و بلوچستان
ادامه دانشگاه تربيت دبير شهيد رجايي تهران,1439,مهندسي مواد,متالوژي صنعتي,2,-,ـــ,مرد,ويژه داوطلبان بومي استان فارس
ادامه دانشگاه تربيت دبير شهيد رجايي تهران,1440,مهندسي مواد,متالوژي صنعتي,1,-,ـــ,مرد,ويژه داوطلبان بومي استان قزوين
ادامه دانشگاه تربيت دبير شهيد رجايي تهران,1441,مهندسي مواد,متالوژي صنعتي,1,-,ـــ,مرد,ويژه داوطلبان بومي استان قم
ادامه دانشگاه تربيت دبير شهيد رجايي تهران,1442,مهندسي مواد,متالوژي صنعتي,2,-,ـــ,مرد,ويژه داوطلبان بومي استان كرمان
ادامه دانشگاه تربيت دبير شهيد رجايي تهران,1443,مهندسي مواد,متالوژي صنعتي,1,-,ـــ,مرد,ويژه داوطلبان بومي استان كرمانشاه
ادامه دانشگاه تربيت دبير شهيد رجايي تهران,1444,مهندسي مواد,متالوژي صنعتي,1,-,ـــ,مرد,ويژه داوطلبان بومي استان كهكيلويه و بوير احمد
ادامه دانشگاه تربيت دبير شهيد رجايي تهران,1445,مهندسي مواد,متالوژي صنعتي,2,-,ـــ,مرد,ويژه داوطلبان بومي استان گلستان
ادامه دانشگاه تربيت دبير شهيد رجايي تهران,1446,مهندسي مواد,متالوژي صنعتي,2,-,ـــ,مرد,ويژه داوطلبان بومي استان گيلان
ادامه دانشگاه تربيت دبير شهيد رجايي تهران,1447,مهندسي مواد,متالوژي صنعتي,1,-,ـــ,مرد,ويژه داوطلبان بومي استان لرستان
ادامه دانشگاه تربيت دبير شهيد رجايي تهران,1448,مهندسي مواد,متالوژي صنعتي,2,-,ـــ,مرد,ويژه داوطلبان بومي استان مازندران
ادامه دانشگاه تربيت دبير شهيد رجايي تهران,1449,مهندسي مواد,متالوژي صنعتي,2,-,ـــ,مرد,ويژه داوطلبان بومي استان هرمزگان
ادامه دانشگاه تربيت دبير شهيد رجايي تهران,1450,مهندسي مواد,متالوژي صنعتي,1,-,ـــ,مرد,ويژه داوطلبان بومي استان همدان
دانشگاه تفرش,1451,رياضيات وكاربردها,,60,-,زن,مرد,
دانشگاه تفرش,1452,فيزيك,,35,-,زن,مرد,
دانشگاه تفرش,1453,مهندسي برق,الكترونيك,30,-,زن,مرد,
دانشگاه تفرش,1454,مهندسي برق,قدرت,30,-,زن,مرد,
دانشگاه تفرش,1455,مهندسي برق,كنترل,30,-,زن,مرد,
دانشگاه تفرش,1456,مهندسي شيمي,,45,-,زن,مرد,
دانشگاه تفرش,1457,مهندسي صنايع,,30,-,زن,مرد,
دانشگاه تفرش,1458,مهندسي عمران,,35,-,زن,مرد,
دانشگاه تفرش,1459,مهندسي عمران,نقشه برداري,30,-,زن,مرد,گرايش نقشه برداري
دانشگاه تفرش,1460,مهندسي مكانيك,,30,-,زن,مرد,
دانشگاه تهران,1461,امار وكاربردها,,18,-,زن,مرد,
دانشگاه تهران,1462,رياضيات وكاربردها,,25,-,زن,مرد,
دانشگاه تهران,1463,علوم كامپيوتر,,18,-,زن,مرد,
دانشگاه تهران,1464,فيزيك,,40,-,زن,مرد,
دانشگاه تهران,1465,مهندسي برق,الکترونیک، بیوالکتریک، قدرت، کنترل، مخابرات,100,-,زن,مرد,
دانشگاه تهران,1466,مهندسي پليمر,صنايع پليمر,20,-,زن,مرد,
دانشگاه تهران,1467,مهندسي شهرسازي,,23,-,زن,مرد,
دانشگاه تهران,1468,مهندسي شيمي,,65,-,زن,مرد,
دانشگاه تهران,1469,مهندسي صنايع,,25,-,زن,مرد,
دانشگاه تهران,1470,مهندسي عمران,,75,-,زن,مرد,
دانشگاه تهران,1471,مهندسي عمران,نقشه برداري,32,-,زن,مرد,
دانشگاه تهران,1472,مهندسي فناوري اطلاعات,,17,-,زن,مرد,
دانشگاه تهران,1473,مهندسي كامپيوتر,سخت افزار,17,-,زن,مرد,
دانشگاه تهران,1474,مهندسي كامپيوتر,نرم افزار,17,-,زن,مرد,
دانشگاه تهران,1475,مهندسي معدن,,60,-,ـــ,مرد,
دانشگاه تهران,1476,مهندسي معماري,,30,-,زن,مرد,
دانشگاه تهران,1477,مهندسي مكانيك,,80,-,زن,مرد,
دانشگاه تهران,1478,مهندسي مواد,,50,-,زن,مرد,مهندسي متالورژي و مواد
دانشگاه تهران,1479,مهندسي نفت,,20,-,زن,مرد,
دانشگاه تهران,1480,مهندسي كشاورزي -مكانيك ماشينهاي كشاورزي,,15,-,7,8,پرديس كشاورزي و منابع طبيعي واقع دركرج
دانشگاه تهران,1481,مهندسي كشاورزي -مكانيك ماشينهاي كشاورزي,,18,-,9,9,محل تحصيل پرديس ابوريحان واقع درپاكدشت
دانشگاه تهران,1482,مهندسي كشاورزي -مكانيزاسيون كشاورزي,,15,-,7,8,پرديس كشاورزي و منابع طبيعي واقع دركرج
دانشگاه تهران,1483,مهندسي كشاورزي -اب,,8,-,4,4,گرايش آبياري و زهكشي- پرديس كشاورزي و منابع طبيعي واقع دركرج
دانشگاه تهران,1484,مهندسي كشاورزي -اب,,8,-,4,4,گرايش سازههاي آبي پرديس كشاورزي و منابع طبيعي واقع دركرج
دانشگاه تهران,1485,مهندسي كشاورزي -اب,,8,-,4,4,گرايش منابع آب پرديس كشاورزي و منابع طبيعي واقع دركرج
دانشگاه تهران,1486,مهندسي كشاورزي -اب,,18,-,9,9,محل تحصيل پرديس ابوريحان واقع درپاكدشت
ادامه دانشگاه تهران,1487,علوم مهندسي,,30,-,زن,مرد,
ادامه دانشگاه تهران,6742,حسابداري,,18,-,9,9,
ادامه دانشگاه تهران,6744,شيمي,كاربردي,15,-,زن,مرد,
ادامه دانشگاه تهران,6745,علوم اقتصادي,,50,-,25,25,
ادامه دانشگاه تهران,6746,مديريت بازرگاني,,18,-,9,9,
ادامه دانشگاه تهران,6747,مديريت دولتي,,18,-,9,9,
ادامه دانشگاه تهران,6748,مديريت دولتي,,25,-,12,13,محل تحصيل پرديس قم )مجتمع آموزش عالي قم(
ادامه دانشگاه تهران,6749,مديريت صنعتي,,18,-,9,9,
ادامه دانشگاه تهران,6750,مديريت كسب وكارهاي كوچك,,18,-,9,9,
ادامه دانشگاه تهران,6751,مديريت مالي,,18,-,9,9,
ادامه دانشگاه تهران,6752,مهندسي كشاورزي -اقتصادكشاورزي,,15,-,7,8,پرديس كشاورزي و منابع طبيعي واقع دركرج
دانشگاه جهرم,1488,امار وكاربردها,,25,-,زن,مرد,
دانشگاه جهرم,1489,رياضيات وكاربردها,,35,-,زن,مرد,
دانشگاه جهرم,1490,فيزيك,,35,-,زن,مرد,
دانشگاه جهرم,1491,مهندسي فناوري اطلاعات,,35,-,زن,مرد,
دانشگاه جهرم,1492,مهندسي كامپيوتر,نرم افزار,25,-,زن,مرد,
دانشگاه جهرم,1493,مهندسي مكانيك,,25,-,زن,مرد,
دانشگاه جهرم,1494,مهندسي كشاورزي -مكانيك ماشينهاي كشاورزي,,25,-,زن,مرد,داراي خوابگاه خودگردان
دانشگاه جهرم,1495,مهندسي كشاورزي -اب,,25,-,زن,مرد,
دانشگاه جيرفت,1496,رياضيات وكاربردها,,35,-,17,18,
دانشگاه جيرفت,1497,مهندسي كشاورزي -مكانيك ماشينهاي كشاورزي,,40,-,20,20,
دانشگاه جيرفت,6753,مهندسي كشاورزي -اقتصادكشاورزي,,35,-,17,18,
دانشگاه حكيم سبزواري- سبزوار,1498,امار وكاربردها,,25,-,13,12,
دانشگاه حكيم سبزواري- سبزوار,1499,رياضيات وكاربردها,,50,-,25,25,
دانشگاه حكيم سبزواري- سبزوار,1500,فيزيك,حالت جامد,-,25,13,12,
دانشگاه حكيم سبزواري- سبزوار,1501,فيزيك,هسته اي,25,-,13,12,
دانشگاه حكيم سبزواري- سبزوار,1502,مهندسي برق,الكترونيك,30,-,13,17,
دانشگاه حكيم سبزواري- سبزوار,1503,مهندسي برق,قدرت,25,-,11,14,
دانشگاه حكيم سبزواري- سبزوار,1504,مهندسي شيمي,,25,-,زن,مرد,
دانشگاه حكيم سبزواري- سبزوار,1505,مهندسي عمران,,30,-,13,17,
دانشگاه حكيم سبزواري- سبزوار,1506,مهندسي كامپيوتر,سخت افزار,25,-,11,14,
دانشگاه حكيم سبزواري- سبزوار,1507,مهندسي معماري,,30,-,14,16,
دانشگاه حكيم سبزواري- سبزوار,1508,مهندسي مكانيك,,30,-,13,17,
دانشگاه حكيم سبزواري- سبزوار,1509,مهندسي مواد,متالوژي صنعتي,30,-,13,17,
دانشگاه حكيم سبزواري- سبزوار,1510,مهندسي نفت,بهره برداري ازمنابع نفت,25,-,11,14,
دانشگاه حكيم سبزواري- سبزوار,1511,مكاترونيك,,30,-,13,17,
دانشگاه خليج فارس بوشهر,1512,امار وكاربردها,,25,-,13,12,
دانشگاه خليج فارس بوشهر,1513,رياضيات وكاربردها,,25,-,10,15,
دانشگاه خليج فارس بوشهر,1514,فيزيك,,25,-,10,15,
دانشگاه خليج فارس بوشهر,1515,مهندسي برق,مخابرات,25,-,7,18,
دانشگاه خليج فارس بوشهر,1516,مهندسي دريا,كشتي سازي,25,-,ـــ,مرد,
دانشگاه خليج فارس بوشهر,1517,مهندسي شيمي,,25,-,9,16,
دانشگاه خليج فارس بوشهر,1518,مهندسي صنايع,,25,-,ـــ,مرد,محل تحصيل دانشكده جم
دانشگاه خليج فارس بوشهر,1519,مهندسي عمران,,25,-,ـــ,مرد,
دانشگاه خليج فارس بوشهر,1520,مهندسي كامپيوتر,نرم افزار,25,-,زن,ـــ,
دانشگاه خليج فارس بوشهر,1521,مهندسي كامپيوتر,نرم افزار,25,-,ـــ,مرد,محل تحصيل دانشكده جم
دانشگاه خليج فارس بوشهر,1522,مهندسي معماري,,20,-,12,8,
دانشگاه خليج فارس بوشهر,1523,مهندسي مكانيك,,25,-,ـــ,مرد,
دانشگاه خليج فارس بوشهر,6754,حسابداري,,25,-,13,12,
دانشگاه خليج فارس بوشهر,6755,علوم اقتصادي,اقتصادبازرگاني,25,-,12,13,
دانشگاه خليج فارس بوشهر,6756,كتابداري واطلاع رساني,,25,-,زن,ـــ,
دانشگاه خليج فارس بوشهر,6757,مديريت بازرگاني,,25,-,13,12,
دانشگاه خليج فارس بوشهر,6758,مديريت صنعتي,,25,-,12,13,
دانشگاه خوارزمي تهران,1524,رياضيات وكاربردها,,35,-,زن,ـــ,محل تحصيل كرج
دانشگاه خوارزمي تهران,1525,علوم كامپيوتر,,35,-,زن,مرد,محل تحصيل كرج )عدم واگذاري خوابگاه به پسران(
دانشگاه خوارزمي تهران,1526,فيزيك,حالت جامد,35,-,زن,مرد,محل تحصيل كرج )عدم واگذاري خوابگاه به پسران(
دانشگاه خوارزمي تهران,1527,مهندسي صنايع,,30,-,زن,مرد,محل تحصيل كرج )عدم واگذاري خوابگاه به پسران(
دانشگاه خوارزمي تهران,1528,مهندسي عمران,,30,-,ـــ,مرد,محل تحصيل كرج )عدم واگذاري خوابگاه(
دانشگاه خوارزمي تهران,1529,مهندسي كامپيوتر,نرم افزار,35,-,زن,مرد,محل تحصيل كرج )عدم واگذاري خوابگاه به پسران(
دانشگاه خوارزمي تهران,1530,فيزيك مهندسي,,35,-,زن,مرد,گرايش حالت جامد - محل تحصيل كرج )عدم واگذاري خوابگاه به پسران(
دانشگاه خوارزمي تهران,6760,شيمي,كاربردي,-,35,زن,ـــ,محل تحصيل كرج
دانشگاه دامغان,1531,امار وكاربردها,,35,-,زن,مرد,
دانشگاه دامغان,1532,رياضيات وكاربردها,,35,-,زن,مرد,
دانشگاه دامغان,1533,رياضيات وكاربردها,,-,22,زن,مرد,
دانشگاه دامغان,1534,فيزيك,"حالت جامد, هسته اي",45,-,زن,مرد,
دانشگاه دامغان,1535,مهندسي صنايع,,20,-,زن,مرد,
دانشگاه دامغان,1536,مهندسي كامپيوتر,نرم افزار,20,-,زن,مرد,
دانشگاه دامغان,6761,شيمي,كاربردي,30,-,زن,مرد,
دانشگاه دخترانه حضرت معصومه )ع-(قم,6762,حسابداري,,25,-,زن,ـــ,
دانشگاه دخترانه حضرت معصومه )ع-(قم,6763,مديريت بازرگاني,,25,-,زن,ـــ,
دانشگاه دريانوردي و علوم دريايي چابهار,1537,مهندسي عمران,,35,-,زن,مرد,
دانشگاه دريانوردي و علوم دريايي چابهار,1538,مخابرات والكترونيك دريايي,,35,-,ـــ,مرد,
دانشگاه دريانوردي و علوم دريايي چابهار,1539,مهندسي كشتي سازي,,35,-,زن,مرد,
دانشگاه دريانوردي و علوم دريايي چابهار,6764,علوم اقتصادي,اقتصادبازرگاني,35,-,زن,مرد,
دانشگاه دريانوردي و علوم دريايي چابهار,6765,مديريت و بازرگاني دريايي,"بندر و كشتيراني, گمرگي ,مناطق ويژه",35,-,زن,مرد,داوطلبان در  آغاز ترم پنجم تحصيل، با نظر گـروه آموزشـي و دانـشگاه در يكـي از  گرايش هاي بنادر و كشتيراني يا گمرك و يا مناطق ويژه ادامه تحصيل خواهند داد.
دانشگاه رازي كرمانشاه,1540,امار وكاربردها,,40,-,20,20,
دانشگاه رازي كرمانشاه,1541,رياضيات وكاربردها,,40,-,20,20,
دانشگاه رازي كرمانشاه,1542,فيزيك,اتمي,40,-,20,20,
دانشگاه رازي كرمانشاه,1543,فيزيك,حالت جامد,40,-,20,20,
دانشگاه رازي كرمانشاه,1544,فيزيك,هسته اي,40,-,20,20,
دانشگاه رازي كرمانشاه,1545,فيزيك,هواشناسي,40,-,20,20,
دانشگاه رازي كرمانشاه,1546,مهندسي برق,الكترونيك,30,-,6,24,
دانشگاه رازي كرمانشاه,1547,مهندسي برق,قدرت,30,-,5,25,
دانشگاه رازي كرمانشاه,1548,مهندسي شيمي,,45,-,23,22,
دانشگاه رازي كرمانشاه,1549,مهندسي صنايع,,35,-,ـــ,مرد,محل تحصيل دانشكده فني و مهندسي اسلام اباد غرب
دانشگاه رازي كرمانشاه,1550,مهندسي عمران,,50,-,12,38,
دانشگاه رازي كرمانشاه,1551,مهندسي كامپيوتر,نرم افزار,35,-,18,17,
دانشگاه رازي كرمانشاه,1552,مهندسي معماري,,25,-,12,13,
دانشگاه رازي كرمانشاه,1553,مهندسي مكانيك,,45,-,14,31,
دانشگاه رازي كرمانشاه,1554,مهندسي كشاورزي -مكانيك ماشينهاي كشاورزي,,30,-,ـــ,مرد,
دانشگاه رازي كرمانشاه,1555,مهندسي كشاورزي -اب,,30,-,10,20,
دانشگاه رازي كرمانشاه,6766,حسابداري,,30,-,15,15,
دانشگاه رازي كرمانشاه,6767,شيمي,كاربردي,40,-,20,20,
دانشگاه رازي كرمانشاه,6768,علوم اقتصادي,اقتصادبازرگاني,40,-,20,20,
دانشگاه رازي كرمانشاه,6769,علوم اقتصادي,اقتصادنظري,40,-,20,20,
دانشگاه رازي كرمانشاه,6770,كتابداري واطلاع رساني,,25,-,13,12,
دانشگاه زابل,1556,امار وكاربردها,,25,-,زن,مرد,
دانشگاه زابل,1557,رياضيات وكاربردها,,25,-,زن,مرد,
دانشگاه زابل,1558,فيزيك,,25,-,زن,مرد,
دانشگاه زابل,1559,مهندسي برق,قدرت,25,-,زن,مرد,
دانشگاه زابل,1560,مهندسي شهرسازي,,25,-,زن,مرد,
دانشگاه زابل,1561,مهندسي عمران,,25,-,زن,مرد,
دانشگاه زابل,1562,مهندسي فناوري اطلاعات,,-,25,زن,مرد,
دانشگاه زابل,1563,مهندسي معماري,,25,-,زن,مرد,
دانشگاه زابل,1564,مهندسي مكانيك,,-,25,زن,مرد,
دانشگاه زابل,1565,كاردان فني عمران,نقشه برداري,25,-,زن,مرد,
دانشگاه زابل,1566,مهندسي كشاورزي -اب,,25,-,زن,مرد,
دانشگاه زابل,6771,شيمي,كاربردي,25,-,زن,مرد,
دانشگاه زابل,6772,كارداني كتابداري,,25,-,زن,مرد,
دانشگاه زابل,6773,مهندسي كشاورزي -اقتصادكشاورزي,,25,-,زن,مرد,
دانشگاه زنجان,1567,امار وكاربردها,,20,-,10,10,
دانشگاه زنجان,1568,رياضيات وكاربردها,,35,-,21,14,
دانشگاه زنجان,1569,فيزيك,,30,-,زن,مرد,
دانشگاه زنجان,1570,مهندسي برق,مخابرات,80,-,25,55,
دانشگاه زنجان,1571,مهندسي شيمي,,50,-,20,30,
دانشگاه زنجان,1572,مهندسي عمران,,35,-,10,25,
دانشگاه زنجان,1573,مهندسي عمران,نقشه برداري,25,-,10,15,
دانشگاه زنجان,1574,مهندسي كامپيوتر,نرم افزار,25,-,12,13,
دانشگاه زنجان,1575,مهندسي معدن,,15,-,3,12,
دانشگاه زنجان,1576,مهندسي معماري,,30,-,10,20,
دانشگاه زنجان,1577,مهندسي مكانيك,,40,-,زن,مرد,
دانشگاه زنجان,1578,مهندسي كشاورزي -اب,,25,-,10,15,
دانشگاه زنجان,6774,شيمي,كاربردي,-,20,12,8,
دانشگاه زنجان,6775,مديريت بازرگاني,,-,35,زن,مرد,
دانشگاه زنجان,6776,مديريت صنعتي,,-,35,زن,مرد,
دانشگاه زنجان,6777,كارداني حسابداري,,-,35,زن,مرد,
دانشگاه سلمان فارسي-  كازرون,1579,علوم كامپيوتر,,30,-,زن,مرد,
دانشگاه سلمان فارسي-  كازرون,1580,فيزيك,,30,-,زن,مرد,
دانشگاه سلمان فارسي-  كازرون,1581,مهندسي شهرسازي,,-,30,زن,مرد,
دانشگاه سلمان فارسي-  كازرون,1582,مهندسي فناوري اطلاعات,,30,-,زن,مرد,
دانشگاه سلمان فارسي-  كازرون,1583,كاردان فني برق,الكترونيك,30,-,زن,مرد,
دانشگاه سلمان فارسي-  كازرون,1584,علوم مهندسي,,-,30,زن,مرد,
دانشگاه سمنان,1585,امار وكاربردها,,-,30,زن,مرد,
دانشگاه سمنان,1586,امار وكاربردها,,35,-,زن,مرد,
دانشگاه سمنان,1587,رياضيات وكاربردها,,50,-,زن,مرد,
دانشگاه سمنان,1588,علوم كامپيوتر,,35,-,زن,مرد,
دانشگاه سمنان,1589,فيزيك,اتمي,15,-,زن,مرد,
دانشگاه سمنان,1590,فيزيك,حالت جامد,20,-,زن,مرد,
دانشگاه سمنان,1591,فيزيك,هستهاي,-,15,زن,مرد,
دانشگاه سمنان,1592,مهندسي برق,الكترونيك,35,-,زن,مرد,
دانشگاه سمنان,1593,مهندسي برق,قدرت,35,-,زن,مرد,
دانشگاه سمنان,1594,مهندسي برق,كنترل,35,-,زن,مرد,
دانشگاه سمنان,1595,مهندسي برق,مخابرات,35,-,زن,مرد,
ادامه دانشگاه سمنان,1596,مهندسي شيمي,,32,10,زن,مرد,
ادامه دانشگاه سمنان,1597,مهندسي صنايع,,25,-,زن,مرد,
ادامه دانشگاه سمنان,1598,مهندسي عمران,,30,-,زن,مرد,
ادامه دانشگاه سمنان,1599,مهندسي فناوري اطلاعات,,35,-,زن,مرد,
ادامه دانشگاه سمنان,1600,مهندسي كامپيوتر,سخت افزار,35,-,زن,مرد,
ادامه دانشگاه سمنان,1601,مهندسي كامپيوتر,نرم افزار,35,-,زن,مرد,
ادامه دانشگاه سمنان,1602,مهندسي معماري,,10,-,زن,مرد,
ادامه دانشگاه سمنان,1603,مهندسي مكانيك,,50,-,زن,مرد,
ادامه دانشگاه سمنان,1604,مهندسي مواد,متالوژي استخراجي,25,-,زن,مرد,
ادامه دانشگاه سمنان,1605,مهندسي مواد,متالوژي صنعتي,30,-,زن,مرد,
ادامه دانشگاه سمنان,6778,حسابداري,,35,-,زن,مرد,
ادامه دانشگاه سمنان,6780,شيمي,كاربردي,35,-,زن,مرد,
ادامه دانشگاه سمنان,6781,علوم اقتصادي,اقتصادنظري,25,-,زن,مرد,
ادامه دانشگاه سمنان,6782,كتابداري واطلاع رساني,فني مهندسي,25,-,زن,مرد,محل تحصيل دانشكده روان شناسي و علوم تربيتي مهدي شهر
ادامه دانشگاه سمنان,6783,مديريت بازرگاني,,35,-,زن,مرد,
ادامه دانشگاه سمنان,6784,مديريت جهانگردي,,30,-,زن,مرد,
ادامه دانشگاه سمنان,6785,مديريت كسب وكارهاي كوچك,,30,-,زن,مرد,
دانشگاه سيدجمال الدين اسدآبادي-  اسدآباد همدان,1606,مهندسي عمران,نقشه برداري,-,30,زن,مرد,
دانشگاه سيدجمال الدين اسدآبادي-  اسدآباد همدان,1607,مهندسي فناوري اطلاعات,,35,-,زن,مرد,
دانشگاه سيدجمال الدين اسدآبادي-  اسدآباد همدان,1608,مهندسي كامپيوتر,نرم افزار,30,-,زن,مرد,
دانشگاه سيدجمال الدين اسدآبادي-  اسدآباد همدان,6786,شيمي,فناوري اطلاعات,-,35,زن,مرد,
دانشگاه سيدجمال الدين اسدآبادي-  اسدآباد همدان,6787,مهندسي كشاورزي -اقتصادكشاورزي,,35,-,زن,مرد,
دانشگاه سيستان و بلوچستان- زاهدان,1609,امار وكاربردها,,40,-,20,20,
دانشگاه سيستان و بلوچستان- زاهدان,1610,رياضيات وكاربردها,,40,-,20,20,
دانشگاه سيستان و بلوچستان- زاهدان,1611,علوم كامپيوتر,,-,35,17,18,
دانشگاه سيستان و بلوچستان- زاهدان,1612,فيزيك,حالت جامد,30,-,15,15,
دانشگاه سيستان و بلوچستان- زاهدان,1613,مهندسي برق,الكترونيك,30,-,15,15,
دانشگاه سيستان و بلوچستان- زاهدان,1614,مهندسي برق,مخابرات,30,-,15,15,
دانشگاه سيستان و بلوچستان- زاهدان,1615,مهندسي شيمي,,30,-,15,15,
دانشگاه سيستان و بلوچستان- زاهدان,1616,مهندسي عمران,,35,-,17,18,
دانشگاه سيستان و بلوچستان- زاهدان,1617,مهندسي فناوري اطلاعات,,-,30,15,15,
دانشگاه سيستان و بلوچستان- زاهدان,1618,مهندسي كامپيوتر,سخت افزار,-,30,15,15,
دانشگاه سيستان و بلوچستان- زاهدان,1619,مهندسي كامپيوتر,نرم افزار,-,30,15,15,
دانشگاه سيستان و بلوچستان- زاهدان,1620,مهندسي معدن,,-,30,ـــ,مرد,
دانشگاه سيستان و بلوچستان- زاهدان,1621,مهندسي معماري,,20,-,10,10,
دانشگاه سيستان و بلوچستان- زاهدان,1622,مهندسي مكانيك,,35,-,17,18,
دانشگاه سيستان و بلوچستان- زاهدان,1623,مهندسي مواد,متالوژي صنعتي,-,30,ـــ,مرد,
دانشگاه سيستان و بلوچستان- زاهدان,6788,حسابداري,,30,-,15,15,
دانشگاه سيستان و بلوچستان- زاهدان,6789,شيمي,كاربردي,30,-,15,15,
دانشگاه سيستان و بلوچستان- زاهدان,6790,علوم اقتصادي,اقتصادبازرگاني,-,30,15,15,
دانشگاه سيستان و بلوچستان- زاهدان,6791,علوم اقتصادي,اقتصادصنعتي,-,30,15,15,
دانشگاه سيستان و بلوچستان- زاهدان,6792,علوم اقتصادي,اقتصادكشاورزي,-,30,15,15,
دانشگاه سيستان و بلوچستان- زاهدان,6793,مديريت دولتي,,20,-,10,10,
دانشگاه سيستان و بلوچستان- زاهدان,6794,مديريت مالي,,20,-,10,10,
دانشگاه شاهد-  تهران *,1624,رياضيات وكاربردها,,30,-,زن,مرد,
دانشگاه شاهد-  تهران *,1625,علوم كامپيوتر,,20,-,زن,مرد,
دانشگاه شاهد-  تهران *,1626,فيزيك,حالت جامد,20,-,زن,مرد,
دانشگاه شاهد-  تهران *,1627,مهندسي برق,"الكترونيك, قدرت, كنترل, مخابرات",60,-,زن,مرد,
دانشگاه شاهد-  تهران *,1628,مهندسي پزشكي,باليني,20,-,زن,مرد,
دانشگاه شاهد-  تهران *,1629,مهندسي عمران,,20,-,زن,مرد,
دانشگاه شاهد-  تهران *,1630,مهندسي كامپيوتر,سخت افزار,20,-,زن,مرد,
دانشگاه شاهد-  تهران *,6796,كتابداري واطلاع رساني,,20,-,زن,مرد,
دانشگاه شاهد-  تهران *,6797,مديريت بازرگاني,,20,-,زن,مرد,
دانشگاه شاهد-  تهران *,6798,مديريت صنعتي,,20,-,زن,مرد,
دانشگاه شاهرود,1631,رياضيات وكاربردها,,40,-,زن,مرد,
دانشگاه شاهرود,1632,فيزيك,,45,-,زن,مرد,
دانشگاه شاهرود,1633,مهندسي برق,"الكترونيك, قدرت, كنترل, مخابرات",85,-,زن,مرد,
دانشگاه شاهرود,1634,مهندسي رباتيك,,30,-,زن,مرد,
دانشگاه شاهرود,1635,مهندسي عمران,,50,-,زن,مرد,
دانشگاه شاهرود,1636,مهندسي فناوري اطلاعات,,30,-,زن,مرد,
دانشگاه شاهرود,1637,مهندسي كامپيوتر,نرم افزار,30,-,زن,مرد,
دانشگاه شاهرود,1638,مهندسي معدن,استخراج معدن,25,-,7,18,
دانشگاه شاهرود,1639,مهندسي معدن,اكتشاف معدن,25,-,7,18,
دانشگاه شاهرود,1640,مهندسي معماري,,20,-,زن,مرد,
دانشگاه شاهرود,1641,مهندسي مكانيك,,75,-,زن,مرد,
دانشگاه شاهرود,1642,مهندسي كشاورزي -اب,,35,-,زن,مرد,محل تحصيل پرديس كشاورزي بسطام واقع در 7 كيلومتري شاهرود
دانشگاه شاهرود,1643,مكاترونيك,,35,-,زن,مرد,
دانشگاه شاهرود,6799,حسابداري,,40,-,زن,مرد,
دانشگاه شاهرود,6800,مديريت صنعتي,,40,-,زن,مرد,
دانشگاه شهركرد,1644,رياضيات وكاربردها,,40,-,20,20,
دانشگاه شهركرد,1645,علوم كامپيوتر,,35,-,زن,مرد,
دانشگاه شهركرد,1646,فيزيك,,36,-,18,18,
دانشگاه شهركرد,1647,مهندسي برق,الكترونيك,35,-,زن,مرد,
دانشگاه شهركرد,1648,مهندسي برق,قدرت,35,-,زن,مرد,
دانشگاه شهركرد,1649,مهندسي عمران,,35,-,زن,مرد,
دانشگاه شهركرد,1650,مهندسي مكانيك,,60,-,زن,مرد,
دانشگاه شهركرد,1651,مهندسي مواد,سراميك,40,-,زن,مرد,
دانشگاه شهركرد,1652,مهندسي كشاورزي -مكانيك ماشينهاي كشاورزي,,36,-,10,26,
دانشگاه شهركرد,1653,مهندسي كشاورزي -اب,,30,-,10,20,
دانشگاه شهيد باهنر كرمان,1654,امار وكاربردها,,18,-,8,10,
دانشگاه شهيد باهنر كرمان,1655,رياضيات وكاربردها,,20,-,10,10,
دانشگاه شهيد باهنر كرمان,1656,علوم كامپيوتر,,20,-,10,10,
دانشگاه شهيد باهنر كرمان,1657,فيزيك,,20,-,10,10,
دانشگاه شهيد باهنر كرمان,1658,مهندسي اپتيك وليزر,,25,-,12,13,
دانشگاه شهيد باهنر كرمان,1659,مهندسي برق,الكترونيك,20,-,10,10,
دانشگاه شهيد باهنر كرمان,1660,مهندسي برق,قدرت,20,-,10,10,
دانشگاه شهيد باهنر كرمان,1661,مهندسي برق,كنترل,20,-,10,10,
دانشگاه شهيد باهنر كرمان,1662,مهندسي برق,مخابرات,20,-,10,10,
دانشگاه شهيد باهنر كرمان,1663,مهندسي شيمي,,20,-,10,10,
دانشگاه شهيد باهنر كرمان,1664,مهندسي صنايع,,20,-,10,10,
دانشگاه شهيد باهنر كرمان,1665,مهندسي عمران,,20,-,10,10,
دانشگاه شهيد باهنر كرمان,1666,مهندسي كامپيوتر,سخت افزار,20,-,10,10,
دانشگاه شهيد باهنر كرمان,1667,مهندسي كامپيوتر,نرم افزار,20,-,10,10,
دانشگاه شهيد باهنر كرمان,1668,مهندسي معدن,,40,-,ـــ,مرد,
دانشگاه شهيد باهنر كرمان,1669,مهندسي معماري,,20,-,10,10,
دانشگاه شهيد باهنر كرمان,1670,مهندسي مكانيك,,20,-,زن,مرد,
دانشگاه شهيد باهنر كرمان,1671,مهندسي مواد,متالوژي استخراجي,20,-,10,10,
دانشگاه شهيد باهنر كرمان,1672,مهندسي مواد,متالوژي صنعتي,20,-,10,10,
دانشگاه شهيد باهنر كرمان,1673,مهندسي كشاورزي -مكانيك ماشينهاي كشاورزي,,15,-,ـــ,مرد,
دانشگاه شهيد باهنر كرمان,1674,مهندسي كشاورزي -اب,,17,-,7,10,
دانشگاه شهيد باهنر كرمان,1675,كارداني معماري,,20,-,10,10,محل تحصيل دانشكده زرند-پذيرش ازداوطلبان بومي
دانشگاه شهيد باهنر كرمان,6801,حسابداري,,18,-,8,10,
دانشگاه شهيد باهنر كرمان,6802,شيمي,كاربردي,20,-,10,10,
دانشگاه شهيد باهنر كرمان,6803,علوم اقتصادي,اقتصادبازرگاني,18,-,8,10,
دانشگاه شهيد باهنر كرمان,6804,كتابداري واطلاع رساني,,15,-,زن,ـــ,
دانشگاه شهيد باهنر كرمان,6805,مديريت بازرگاني,,18,-,8,10,
دانشگاه شهيد باهنر كرمان,6806,مهندسي كشاورزي -اقتصادكشاورزي,,16,-,8,8,
دانشگاه شهيد بهشتي-  تهران,1676,امار وكاربردها,,35,-,17,18,
دانشگاه شهيد بهشتي-  تهران,1677,رياضيات وكاربردها,,50,-,20,30,
دانشگاه شهيد بهشتي-  تهران,1678,علوم كامپيوتر,,30,-,15,15,
دانشگاه شهيد بهشتي-  تهران,1679,فيزيك,هسته اي,45,-,23,22,
دانشگاه شهيد بهشتي-  تهران,1680,مهندسي برق,الكترونيك,20,-,8,12,
دانشگاه شهيد بهشتي-  تهران,1681,مهندسي برق,قدرت,20,-,6,14,
دانشگاه شهيد بهشتي-  تهران,1682,مهندسي برق,مخابرات,20,-,6,14,
دانشگاه شهيد بهشتي-  تهران,1683,مهندسي كامپيوتر,سخت افزار,20,-,8,12,
دانشگاه شهيد بهشتي-  تهران,1684,مهندسي كامپيوتر,نرم افزار,20,-,8,12,
دانشگاه شهيد بهشتي-  تهران,1685,مهندسي معماري,,25,-,15,10,
دانشگاه شهيد بهشتي-  تهران,6807,حسابداري,,30,-,18,12,
دانشگاه شهيد بهشتي-  تهران,6809,علوم اقتصادي,اقتصادصنعتي,35,-,14,21,
دانشگاه شهيد بهشتي-  تهران,6810,علوم اقتصادي,اقتصادنظري,60,-,24,36,
دانشگاه شهيد بهشتي-  تهران,6811,مديريت بازرگاني,,30,-,18,12,
دانشگاه شهيد بهشتي-  تهران,6812,مديريت دولتي,,30,-,18,12,
دانشگاه شهيد بهشتي-  تهران,6813,مديريت صنعتي,,30,-,15,15,
دانشگاه شهيد بهشتي-  تهران,6814,مديريت مالي,,30,-,18,12,
دانشگاه شهيد چمران اهواز,1686,امار وكاربردها,,35,-,ـــ,مرد,
دانشگاه شهيد چمران اهواز,1687,رياضيات وكاربردها,,40,-,ـــ,مرد,
دانشگاه شهيد چمران اهواز,1688,علوم كامپيوتر,,30,-,ـــ,مرد,
دانشگاه شهيد چمران اهواز,1689,فيزيك,,30,-,ـــ,مرد,
دانشگاه شهيد چمران اهواز,1690,مهندسي برق,الكترونيك,25,-,ـــ,مرد,
دانشگاه شهيد چمران اهواز,1691,مهندسي برق,قدرت,25,-,ـــ,مرد,
دانشگاه شهيد چمران اهواز,1692,مهندسي عمران,,25,-,ـــ,مرد,
دانشگاه شهيد چمران اهواز,1693,مهندسي كامپيوتر,نرم افزار,30,-,ـــ,مرد,
دانشگاه شهيد چمران اهواز,1694,مهندسي معماري,,20,-,ـــ,مرد,
دانشگاه شهيد چمران اهواز,1695,مهندسي مكانيك,,25,-,ـــ,مرد,
دانشگاه شهيد چمران اهواز,1696,مهندسي مواد,متالوژي صنعتي,25,-,ـــ,مرد,
دانشگاه شهيد چمران اهواز,1697,مهندسي كشاورزي -مكانيك ماشينهاي كشاورزي,,25,-,ـــ,مرد,
دانشگاه شهيد چمران اهواز,1698,مهندسي كشاورزي -اب,,30,-,ـــ,مرد,
دانشگاه شهيد چمران اهواز,6815,حسابداري,,30,-,ـــ,مرد,
دانشگاه شهيد چمران اهواز,6816,روانشناسي,صنعتي سازماني,25,-,ـــ,مرد,
دانشگاه شهيد چمران اهواز,6818,شيمي,كاربردي,30,-,ـــ,مرد,
دانشگاه شهيد چمران اهواز,6819,علوم اقتصادي,اقتصادبازرگاني,25,-,ـــ,مرد,
دانشگاه شهيد چمران اهواز,6820,علوم اقتصادي,اقتصادنظري,25,-,زن,ـــ,
دانشگاه شهيد چمران اهواز,6821,كتابداري واطلاع رساني,,25,-,ـــ,مرد,
دانشگاه شهيد چمران اهواز,6822,مديريت بازرگاني,,25,-,ـــ,مرد,
دانشگاه شهيد مدني آذربايجان-  تبريز,1699,رياضيات وكاربردها,,40,-,زن,مرد,
دانشگاه شهيد مدني آذربايجان-  تبريز,1700,فيزيك,,30,-,زن,مرد,
دانشگاه شهيد مدني آذربايجان-  تبريز,1701,مهندسي برق,قدرت,30,-,زن,مرد,
دانشگاه شهيد مدني آذربايجان-  تبريز,1702,مهندسي عمران,,30,-,زن,مرد,
دانشگاه شهيد مدني آذربايجان-  تبريز,1703,مهندسي فناوري اطلاعات,,40,-,زن,مرد,
دانشگاه شهيد مدني آذربايجان-  تبريز,1704,مهندسي مكانيك,,30,-,زن,مرد,
دانشگاه شهيد مدني آذربايجان-  تبريز,6823,كتابداري واطلاع رساني,,30,-,زن,مرد,
دانشگاه شيراز,1705,امار وكاربردها,,30,-,13,17,
دانشگاه شيراز,1706,رياضيات وكاربردها,,45,-,27,18,
دانشگاه شيراز,1707,فيزيك,"اتمي, حالت جامد, هسته اي",25,-,10,15,
دانشگاه شيراز,1708,مهندسي برق,"الكترونيك, قدرت, كنترل, مخابرات",76,-,32,44,
دانشگاه شيراز,1709,مهندسي شهرسازي,,25,-,10,15,
دانشگاه شيراز,1710,مهندسي شيمي,,25,-,10,15,
دانشگاه شيراز,1711,مهندسي عمران,,21,-,9,12,
دانشگاه شيراز,1712,مهندسي كامپيوتر,"سخت افزار, نرم افزار",37,-,17,20,
دانشگاه شيراز,1713,مهندسي معماري,,20,-,8,12,
دانشگاه شيراز,1714,مهندسي مكانيك,,55,-,20,35,
دانشگاه شيراز,1715,مهندسي مواد,متالوژي صنعتي,25,-,10,15,
دانشگاه شيراز,1716,مهندسي نفت,مخازن نفت,25,-,10,15,
دانشگاه شيراز,1717,مهندسي كشاورزي -مكانيك ماشينهاي كشاورزي,,17,-,7,10,
دانشگاه شيراز,1718,مهندسي كشاورزي -مكانيزاسيون كشاورزي,,13,-,5,8,
دانشگاه شيراز,1719,مهندسي كشاورزي -اب,,21,-,9,12,
دانشگاه شيراز,6824,حسابداري,,17,-,7,10,
دانشگاه شيراز,6826,علوم اقتصادي,اقتصادنظري,22,8,13,17,
دانشگاه شيراز,6827,كتابداري واطلاع رساني,,27,-,11,16,
دانشگاه شيراز,6828,مديريت بازرگاني,,17,-,7,10,
دانشگاه شيراز,6829,مديريت صنعتي,,17,-,7,10,
دانشگاه شيراز,6830,مهندسي كشاورزي -اقتصادكشاورزي,,21,5,11,15,
دانشگاه صنعت آب و برق)شهيد عباسپور-( تهران,1720,مهندسي برق,"قدرت, كنترل",65,-,15,50,
دانشگاه صنعت آب و برق)شهيد عباسپور-( تهران,1721,مهندسي علمي –كاربردي عمران,شبكه هاي اب وفاضلاب,35,-,5,30,
دانشگاه صنعت آب و برق)شهيد عباسپور-( تهران,1722,مهندسي عمران,,50,-,10,40,
دانشگاه صنعت آب و برق)شهيد عباسپور-( تهران,1723,مهندسي كامپيوتر,"سخت افزار, نرم افزار",40,-,10,30,
دانشگاه صنعت آب و برق)شهيد عباسپور-( تهران,1724,مهندسي مكانيك,,55,-,10,45,
دانشگاه صنعت نفت,1725,مهندسي ايمني,بازرسي فني,27,-,ـــ,مرد,محل تحصيل آبادان
دانشگاه صنعت نفت,1726,مهندسي ايمني,حفاظت فني,27,-,ـــ,مرد,محل تحصيل آبادان
دانشگاه صنعت نفت,1727,مهندسي برق,كنترل,20,-,ـــ,مرد,محل تحصيل اهواز
دانشگاه صنعت نفت,1728,مهندسي شيمي,,27,-,ـــ,مرد,محل تحصيل آبادان
دانشگاه صنعت نفت,1729,مهندسي شيمي,,35,-,ـــ,مرد,محل تحصيل اهواز
دانشگاه صنعت نفت,1730,مهندسي مكانيك,,20,-,ـــ,مرد,محل تحصيل اهواز
دانشگاه صنعت نفت,1731,مهندسي نفت,استخراج نفت,25,-,ـــ,مرد,محل تحصيل اهواز
دانشگاه صنعت نفت,1732,مهندسي نفت,اكتشاف نفت,27,-,ـــ,مرد,محل تحصيل آبادان
دانشگاه صنعت نفت,1733,مهندسي نفت,بهره برداري ازمنابع نفت,25,-,ـــ,مرد,محل تحصيل اهواز
دانشگاه صنعت نفت,1734,مهندسي نفت,مخازن نفت,25,-,ـــ,مرد,محل تحصيل اهواز
دانشگاه صنعت نفت,6831,حسابداري,,25,-,ـــ,مرد,محل تحصيل تهران
دانشگاه صنعت نفت,6832,مديريت بازرگاني,,25,-,ـــ,مرد,محل تحصيل تهران
دانشگاه صنعت نفت,6833,مديريت صنعتي,,25,-,ـــ,مرد,محل تحصيل تهران
دانشگاه صنعتي اروميه,1735,مهندسي برق,الكترونيك,25,-,زن,مرد,
دانشگاه صنعتي اروميه,1736,مهندسي شيمي,,50,-,زن,مرد,
دانشگاه صنعتي اروميه,1737,مهندسي صنايع,,25,-,زن,مرد,
دانشگاه صنعتي اروميه,1738,مهندسي فناوري اطلاعات,,25,-,زن,مرد,
دانشگاه صنعتي اروميه,1739,مهندسي كامپيوتر,نرم افزار,25,-,زن,مرد,
دانشگاه صنعتي اروميه,1740,مهندسي معدن,,25,-,زن,مرد,
دانشگاه صنعتي اروميه,1741,مهندسي مكانيك,,50,-,زن,مرد,
دانشگاه صنعتي اروميه,1742,مهندسي هوافضا,,15,-,زن,مرد,
دانشگاه صنعتي اصفهان,1743,امار وكاربردها,,20,-,10,10,
دانشگاه صنعتي اصفهان,1744,رياضيات وكاربردها,,20,-,10,10,
دانشگاه صنعتي اصفهان,1745,فيزيك,,40,-,20,20,
دانشگاه صنعتي اصفهان,1746,مهندسي برق,"الكترونيك, قدرت, كنترل, مخابرات",100,-,30,70,
دانشگاه صنعتي اصفهان,1747,مهندسي شيمي,,60,-,18,42,
دانشگاه صنعتي اصفهان,1748,مهندسي صنايع,,45,-,13,32,
دانشگاه صنعتي اصفهان,1749,مهندسي عمران,,50,-,زن,مرد,
دانشگاه صنعتي اصفهان,1750,مهندسي فناوري اطلاعات,,20,-,6,14,
دانشگاه صنعتي اصفهان,1751,مهندسي كامپيوتر,سخت افزار,20,-,6,14,
دانشگاه صنعتي اصفهان,1752,مهندسي كامپيوتر,نرم افزار,20,-,6,14,
دانشگاه صنعتي اصفهان,1753,مهندسي معدن,,20,-,ـــ,مرد,
دانشگاه صنعتي اصفهان,1754,مهندسي مكانيك,,100,-,زن,مرد,
دانشگاه صنعتي اصفهان,1755,مهندسي مواد,متالوژي استخراجي,20,-,زن,مرد,
دانشگاه صنعتي اصفهان,1756,مهندسي مواد,متالوژي صنعتي,20,-,زن,مرد,
دانشگاه صنعتي اصفهان,1757,مهندسي نساجي,پوشاك,20,-,6,14,
دانشگاه صنعتي اصفهان,1758,مهندسي نساجي,تكنولوژي نساجي,20,-,6,14,
دانشگاه صنعتي اصفهان,1759,مهندسي نساجي,شيمي نساجي وعلوم الياف,20,-,6,14,
دانشگاه صنعتي اصفهان,1760,مهندسي كشاورزي –مكانيك ماشينهاي كشاورزي,,20,-,ـــ,مرد,
دانشگاه صنعتي اصفهان,1761,مهندسي كشاورزي –اب,,20,-,ـــ,مرد,
دانشگاه صنعتي اصفهان,6834,شيمي,كاربردي,20,-,10,10,
دانشگاه صنعتي اميركبير-  تهران,1762,رياضيات وكاربردها,,60,-,30,30,
دانشگاه صنعتي اميركبير-  تهران,1763,علوم كامپيوتر,,35,-,17,18,
دانشگاه صنعتي اميركبير-  تهران,1764,فيزيك,,30,-,15,15,
دانشگاه صنعتي اميركبير-  تهران,1765,مهندسي برق,,100,-,30,70,
دانشگاه صنعتي اميركبير-  تهران,1766,مهندسي پزشكي,بيوالكتريك,30,-,15,15,
دانشگاه صنعتي اميركبير-  تهران,1767,مهندسي پزشكي,بيومتريال,25,-,12,13,
دانشگاه صنعتي اميركبير-  تهران,1768,مهندسي پزشكي,بيومكانيك,25,-,12,13,
دانشگاه صنعتي اميركبير-  تهران,1769,مهندسي پليمر,تكنولوژي وعلوم رنگ,30,-,15,15,
دانشگاه صنعتي اميركبير-  تهران,1770,مهندسي پليمر,صنايع پليمر,40,-,20,20,
دانشگاه صنعتي اميركبير-  تهران,1771,مهندسي دريا,كشتي سازي,50,-,ـــ,مرد,محل تحصيل دانشگاه صنعتي اميركبير – پرديس بندرعباس
دانشگاه صنعتي اميركبير-  تهران,1772,مهندسي شيمي,,70,-,35,35,
دانشگاه صنعتي اميركبير-  تهران,1773,مهندسي صنايع,,60,-,30,30,
دانشگاه صنعتي اميركبير-  تهران,1774,مهندسي عمران,,60,-,18,42,
دانشگاه صنعتي اميركبير-  تهران,1775,مهندسي فناوري اطلاعات,,25,-,12,13,
دانشگاه صنعتي اميركبير-  تهران,1776,مهندسي كامپيوتر,سخت افزار,25,-,7,18,
دانشگاه صنعتي اميركبير-  تهران,1777,مهندسي كامپيوتر,نرم افزار,25,-,8,17,
دانشگاه صنعتي اميركبير-  تهران,1778,مهندسي معدن,,50,-,ـــ,مرد,
دانشگاه صنعتي اميركبير-  تهران,1779,مهندسي مكانيك,,70,-,21,49,
دانشگاه صنعتي اميركبير-  تهران,1780,مهندسي مكانيك,,35,-,10,25,
دانشگاه صنعتي اميركبير-  تهران,1781,مهندسي مواد,متالوژي استخراجي,25,-,7,18,
دانشگاه صنعتي اميركبير-  تهران,1782,مهندسي مواد,متالوژي صنعتي,25,-,12,13,
دانشگاه صنعتي اميركبير-  تهران,1783,مهندسي نساجي,پوشاك,35,-,18,17,
دانشگاه صنعتي اميركبير-  تهران,1784,مهندسي نساجي,تكنولوژي نساجي,35,-,18,17,
دانشگاه صنعتي اميركبير-  تهران,1785,مهندسي نساجي,شيمي نساجي وعلوم الياف,35,-,18,17,
دانشگاه صنعتي اميركبير-  تهران,1786,مهندسي نفت,,30,-,9,21,
دانشگاه صنعتي اميركبير-  تهران,1787,مهندسي هوافضا,,50,-,15,35,
دانشگاه صنعتي بابل,1788,مهندسي برق,الكترونيك,25,-,زن,مرد,
دانشگاه صنعتي بابل,1789,مهندسي برق,قدرت,25,-,زن,مرد,
دانشگاه صنعتي بابل,1790,مهندسي برق,كنترل,25,-,زن,مرد,
دانشگاه صنعتي بابل,1791,مهندسي برق,مخابرات,25,-,زن,مرد,
دانشگاه صنعتي بابل,1792,مهندسي شيمي,,50,-,زن,مرد,
دانشگاه صنعتي بابل,1793,مهندسي صنايع,,30,-,زن,مرد,
دانشگاه صنعتي بابل,1794,مهندسي عمران,,50,-,زن,مرد,
دانشگاه صنعتي بابل,1795,مهندسي عمران,نقشه برداري,20,-,زن,مرد,
دانشگاه صنعتي بابل,1796,مهندسي كامپيوتر,سخت افزار,20,-,زن,مرد,
دانشگاه صنعتي بابل,1797,مهندسي مكانيك,,60,-,زن,مرد,
دانشگاه صنعتي بابل,1798,مهندسي مواد,متالوژي صنعتي,20,-,زن,مرد,
دانشگاه صنعتي بيرجند,1799,علوم كامپيوتر,,20,-,زن,مرد,
دانشگاه صنعتي بيرجند,1800,مهندسي صنايع,,20,-,زن,مرد,
دانشگاه صنعتي بيرجند,1801,مهندسي عمران,,30,-,ـــ,مرد,
دانشگاه صنعتي بيرجند,1802,مهندسي فناوري اطلاعات,,20,-,زن,مرد,
دانشگاه صنعتي بيرجند,1803,مهندسي كامپيوتر,نرم افزار,20,-,زن,مرد,
دانشگاه صنعتي بيرجند,1804,مهندسي معدن,,20,-,ـــ,مرد,
دانشگاه صنعتي بيرجند,1805,مهندسي مكانيك,,20,-,زن,مرد,
دانشگاه صنعتي جندي شاپور دزفول,1806,رياضيات وكاربردها,,20,-,10,10,
دانشگاه صنعتي جندي شاپور دزفول,1807,مهندسي برق,الكترونيك,16,-,6,10,
دانشگاه صنعتي جندي شاپور دزفول,1808,مهندسي برق,قدرت,16,-,3,13,
دانشگاه صنعتي جندي شاپور دزفول,1809,مهندسي برق,كنترل,16,-,6,10,
دانشگاه صنعتي جندي شاپور دزفول,1810,مهندسي شيمي,,24,-,7,17,
دانشگاه صنعتي جندي شاپور دزفول,1811,مهندسي عمران,,17,-,ـــ,مرد,
دانشگاه صنعتي جندي شاپور دزفول,1812,مهندسي عمران,نقشه برداري,15,-,ـــ,مرد,
دانشگاه صنعتي جندي شاپور دزفول,1813,مهندسي كامپيوتر,سخت افزار,18,-,9,9,
دانشگاه صنعتي جندي شاپور دزفول,1814,مهندسي معماري,,20,-,8,12,
دانشگاه صنعتي جندي شاپور دزفول,1815,مهندسي مكانيك,,22,-,ـــ,مرد,
دانشگاه صنعتي خاتم الانبياء)ص-( بهبهان,1816,امار وكاربردها,,20,-,زن,مرد,
دانشگاه صنعتي خاتم الانبياء)ص-( بهبهان,1817,رياضيات وكاربردها,,20,-,زن,مرد,
دانشگاه صنعتي خاتم الانبياء)ص-( بهبهان,1818,مهندسي برق,الكترونيك,20,-,زن,مرد,
دانشگاه صنعتي خاتم الانبياء)ص-( بهبهان,1819,مهندسي عمران,,20,-,زن,مرد,
دانشگاه صنعتي خاتم الانبياء)ص-( بهبهان,1820,مهندسي كامپيوتر,نرم افزار,20,-,زن,مرد,
دانشگاه صنعتي خاتم الانبياء)ص-( بهبهان,1821,مهندسي مكانيك,,20,-,زن,مرد,
دانشگاه صنعتي خواجه نصيرالدين طوسي-  تهران,1822,رياضيات وكاربردها,,35,-,21,14,
دانشگاه صنعتي خواجه نصيرالدين طوسي-  تهران,1823,فيزيك,,30,-,15,15,
دانشگاه صنعتي خواجه نصيرالدين طوسي-  تهران,1824,مهندسي برق,"الكترونيك, قدرت, كنترل, مخابرات",90,-,18,72,
دانشگاه صنعتي خواجه نصيرالدين طوسي-  تهران,1825,مهندسي صنايع,,55,-,14,41,
دانشگاه صنعتي خواجه نصيرالدين طوسي-  تهران,1826,مهندسي عمران,,65,-,13,52,
دانشگاه صنعتي خواجه نصيرالدين طوسي-  تهران,1827,مهندسي عمران,نقشه برداري,30,-,9,21,
دانشگاه صنعتي خواجه نصيرالدين طوسي-  تهران,1828,مهندسي كامپيوتر,سخت افزار,25,-,9,16,
دانشگاه صنعتي خواجه نصيرالدين طوسي-  تهران,1829,مهندسي كامپيوتر,نرم افزار,25,-,9,16,
دانشگاه صنعتي خواجه نصيرالدين طوسي-  تهران,1830,مهندسي مكانيك,,110,-,17,93,
دانشگاه صنعتي خواجه نصيرالدين طوسي-  تهران,1831,مهندسي مواد,متالوژي صنعتي,30,-,6,24,
دانشگاه صنعتي خواجه نصيرالدين طوسي-  تهران,1832,مهندسي هوافضا,,30,-,6,24,
دانشگاه صنعتي خواجه نصيرالدين طوسي-  تهران,6835,شيمي,كاربردي,30,-,21,9,
دانشگاه صنعتي سهند-  تبريز,1833,مهندسي برق,بيوالكتريك,-,35,14,21,محدوديت ارايه خوابگاه
دانشگاه صنعتي سهند-  تبريز,1834,مهندسي برق,كنترل,35,-,7,28,محدوديت ارايه خوابگاه
دانشگاه صنعتي سهند-  تبريز,1835,مهندسي شيمي,,50,50,25,75,محدوديت ارايه خوابگاه
دانشگاه صنعتي سهند-  تبريز,1836,مهندسي معدن,,50,-,ـــ,مرد,محدوديت ارايه خوابگاه
دانشگاه صنعتي سهند-  تبريز,1837,مهندسي مواد,متالوژي استخراجي,-,35,ـــ,مرد,محدوديت ارايه خوابگاه
دانشگاه صنعتي سهند-  تبريز,1838,مهندسي مواد,متالوژي صنعتي,35,-,ـــ,مرد,محدوديت ارايه خوابگاه
دانشگاه صنعتي سيرجان,1839,رياضيات وكاربردها,,30,-,زن,مرد,
دانشگاه صنعتي سيرجان,1840,علوم كامپيوتر,,30,-,زن,مرد,
دانشگاه صنعتي سيرجان,1841,مهندسي شيمي,,30,-,زن,مرد,
دانشگاه صنعتي سيرجان,1842,مهندسي عمران,,30,-,زن,مرد,
دانشگاه صنعتي سيرجان,1843,مهندسي عمران,نقشه برداري,30,-,زن,مرد,
دانشگاه صنعتي سيرجان,1844,مهندسي كامپيوتر,نرم افزار,30,-,زن,مرد,
دانشگاه صنعتي سيرجان,1845,مهندسي مكانيك,,60,-,زن,مرد,
دانشگاه صنعتي شريف-  تهران,1846,رياضيات وكاربردها,,25,-,زن,مرد,
دانشگاه صنعتي شريف-  تهران,1847,علوم كامپيوتر,,25,-,زن,مرد,
دانشگاه صنعتي شريف-  تهران,1848,فيزيك,,40,-,زن,مرد,
دانشگاه صنعتي شريف-  تهران,1849,مهندسي برق,"الكترونيـــك, بيوالكتريـــك, قــدرت, كنتــرل, مخــابرات, سيستمهاي ديجيتال",150,-,زن,مرد,
دانشگاه صنعتي شريف-  تهران,1850,مهندسي شيمي,,100,-,زن,مرد,
دانشگاه صنعتي شريف-  تهران,1851,مهندسي صنايع,,70,-,زن,مرد,
دانشگاه صنعتي شريف-  تهران,1852,مهندسي عمران,,75,-,زن,مرد,
دانشگاه صنعتي شريف-  تهران,1853,مهندسي فناوري اطلاعات,,25,-,زن,مرد,
دانشگاه صنعتي شريف-  تهران,1854,مهندسي كامپيوتر,سخت افزار,25,-,زن,مرد,
دانشگاه صنعتي شريف-  تهران,1855,مهندسي كامپيوتر,نرم افزار,25,-,زن,مرد,
دانشگاه صنعتي شريف-  تهران,1856,مهندسي مكانيك,,90,-,زن,مرد,
دانشگاه صنعتي شريف-  تهران,1857,مهندسي مواد,,50,-,زن,مرد,
دانشگاه صنعتي شريف-  تهران,1858,مهندسي نفت,,35,-,زن,مرد,
دانشگاه صنعتي شريف-  تهران,1859,مهندسي هوافضا,,80,-,زن,مرد,
دانشگاه صنعتي شريف-  تهران,6836,شيمي,,50,-,زن,مرد,
دانشگاه صنعتي شيراز,1860,مهندسي برق,الكترونيك,25,-,زن,مرد,
دانشگاه صنعتي شيراز,1861,مهندسي برق,كنترل,25,-,زن,مرد,
دانشگاه صنعتي شيراز,1862,مهندسي برق,مخابرات,25,-,زن,مرد,
دانشگاه صنعتي شيراز,1863,مهندسي فناوري اطلاعات,,25,-,زن,مرد,
دانشگاه صنعتي قم,1864,مهندسي برق,قدرت,25,-,ـــ,مرد,
دانشگاه صنعتي قم,1865,مهندسي برق,كنترل,15,-,ـــ,مرد,
دانشگاه صنعتي قم,1866,مهندسي برق,مخابرات,15,-,ـــ,مرد,
دانشگاه صنعتي قم,1867,مهندسي پليمر,صنايع پليمر,25,-,ـــ,مرد,
دانشگاه صنعتي قم,1868,مهندسي صنايع,,15,-,ـــ,مرد,
دانشگاه صنعتي قم,1869,مهندسي عمران,,15,-,ـــ,مرد,
دانشگاه صنعتي قم,1870,مهندسي كامپيوتر,سخت افزار,25,-,ـــ,مرد,
دانشگاه صنعتي قم,1871,مهندسي كامپيوتر,نرم افزار,15,-,ـــ,مرد,
دانشگاه صنعتي قم,1872,مهندسي مكانيك,,15,-,ـــ,مرد,
دانشگاه صنعتي قم,1873,فيزيك مهندسي,,25,-,ـــ,مرد,
دانشگاه صنعتي كرمانشاه,1874,مهندسي برق,قدرت,20,-,زن,مرد,
دانشگاه صنعتي كرمانشاه,1875,مهندسي برق,مخابرات,20,-,زن,مرد,
دانشگاه صنعتي كرمانشاه,1876,مهندسي شيمي,,20,-,زن,مرد,
دانشگاه صنعتي كرمانشاه,1877,مهندسي فناوري اطلاعات,,20,-,زن,مرد,
دانشگاه صنعتي كرمانشاه,1878,مهندسي كامپيوتر,سخت افزار,20,-,زن,مرد,
دانشگاه صنعتي كرمانشاه,1879,مهندسي مكانيك,,20,-,زن,مرد,
دانشگاه صنعتي همدان,1880,مهندسي برق,الكترونيك,25,-,زن,مرد,
دانشگاه صنعتي همدان,1881,مهندسي برق,كنترل,25,-,زن,مرد,
دانشگاه صنعتي همدان,1882,مهندسي پزشكي,بيوالكتريك,25,-,زن,مرد,
دانشگاه صنعتي همدان,1883,مهندسي رباتيك,,25,-,زن,مرد,
دانشگاه صنعتي همدان,1884,مهندسي شيمي,,25,-,زن,مرد,
دانشگاه صنعتي همدان,1885,مهندسي فناوري اطلاعات,,25,-,زن,مرد,
دانشگاه صنعتي همدان,1886,مهندسي كامپيوتر,سخت افزار,25,-,زن,مرد,
دانشگاه صنعتي همدان,1887,مهندسي معدن,,25,-,زن,مرد,
دانشگاه صنعتي همدان,1888,مهندسي مواد,متالوژي استخراجي,25,-,زن,مرد,
دانشگاه صنعتي هويزه-  سوسنگرد,1889,مهندسي برق,الكترونيك,15,-,ـــ,مرد,
دانشگاه صنعتي هويزه-  سوسنگرد,1890,مهندسي مكانيك,,15,-,ـــ,مرد,
دانشگاه علامه طباطبايي - تهران,6837,حسابداري,,-,15,ـــ,مرد,
دانشگاه علامه طباطبايي - تهران,6839,علوم اقتصادي,اقتصادنظري,-,30,15,15,
دانشگاه علامه طباطبايي - تهران,6840,كتابداري واطلاع رساني,,-,20,زن,ـــ,
دانشگاه علامه طباطبايي - تهران,6841,مديريت بازرگاني,,-,30,15,15,
دانشگاه علامه طباطبايي - تهران,6842,مديريت بيمه اكو,,-,30,15,15,محل اجرا موسسه آموزش عالي بيمه اكو
دانشگاه علامه طباطبايي - تهران,6843,مديريت دولتي,,-,30,15,15,
دانشگاه علامه طباطبايي - تهران,6844,مديريت صنعتي,,-,15,ـــ,مرد,
دانشگاه علامه طباطبايي - تهران,6845,مديريت هتلداري,,-,15,ـــ,مرد,
دانشگاه علم و صنعت ايران -  تهران,1891,رياضيات وكاربردها,,25,-,زن,مرد,
دانشگاه علم و صنعت ايران -  تهران,1892,فيزيك,"اتمي, حالت جامد",25,-,زن,مرد,
دانشگاه علم و صنعت ايران -  تهران,1893,مهندسي برق,"الكترونيك, قدرت, كنترل, مخابرات",100,-,زن,مرد,
دانشگاه علم و صنعت ايران -  تهران,1894,مهندسي خط وسازه هاي ريلي,,20,-,ـــ,مرد,
دانشگاه علم و صنعت ايران -  تهران,1895,مهندسي شيمي,,40,-,زن,مرد,
دانشگاه علم و صنعت ايران -  تهران,1896,مهندسي صنايع,,50,-,زن,مرد,
دانشگاه علم و صنعت ايران -  تهران,1897,مهندسي عمران,,50,-,زن,مرد,
دانشگاه علم و صنعت ايران -  تهران,1898,مهندسي كامپيوتر,سخت افزار,25,-,زن,مرد,
دانشگاه علم و صنعت ايران -  تهران,1899,مهندسي كامپيوتر,نرم افزار,25,-,زن,مرد,
دانشگاه علم و صنعت ايران -  تهران,1900,مهندسي ماشين هاي ريلي,,20,-,ـــ,مرد,
دانشگاه علم و صنعت ايران -  تهران,1901,مهندسي معماري,,25,-,زن,مرد,
دانشگاه علم و صنعت ايران -  تهران,1902,مهندسي مكانيك,,80,-,زن,مرد,انتخاب دروس كاربردي براساس علاقه درزمان تحصيل
دانشگاه علم و صنعت ايران -  تهران,1903,مهندسي مواد,سراميك,25,-,زن,مرد,
دانشگاه علم و صنعت ايران -  تهران,1904,مهندسي مواد,متالوژي استخراجي,25,-,5,20,
دانشگاه علم و صنعت ايران -  تهران,1905,مهندسي مواد,متالوژي صنعتي,25,-,5,20,
دانشگاه علوم كشاورزي و منابع طبيعي رامين -  اهواز,1906,مهندسي كشاورزي -مكانيك ماشينهاي كشاورزي,,-,30,12,18,
دانشگاه علوم كشاورزي و منابع طبيعي رامين -  اهواز,1907,مهندسي كشاورزي -مكانيزاسيون كشاورزي,,30,-,12,18,
دانشگاه علوم كشاورزي و منابع طبيعي رامين -  اهواز,1908,مهندسي كشاورزي -اب,,-,30,12,18,
دانشگاه علوم كشاورزي و منابع طبيعي رامين -  اهواز,6846,مهندسي كشاورزي -اقتصادكشاورزي,,-,30,12,18,
دانشگاه علوم كشاورزي و منابع طبيعي ساري,1909,مهندسي كشاورزي -مكانيك ماشينهاي كشاورزي,,25,-,زن,مرد,
دانشگاه علوم كشاورزي و منابع طبيعي ساري,1910,مهندسي كشاورزي -اب,,25,-,زن,مرد,
دانشگاه علوم كشاورزي و منابع طبيعي ساري,6847,مهندسي كشاورزي -اقتصادكشاورزي,,25,-,زن,مرد,
دانشگاه علوم كشاورزي و منابع طبيعي گرگان,1911,مهندسي كشاورزي -مكانيك ماشينهاي كشاورزي,,25,-,12,13,
دانشگاه علوم كشاورزي و منابع طبيعي گرگان,1912,مهندسي كشاورزي -اب,,15,-,5,10,مهندسي آب -گرايش  منابع آب
دانشگاه علوم كشاورزي و منابع طبيعي گرگان,1913,مهندسي كشاورزي -اب,,15,-,5,10,مهندسي آب گرايش آبياري وزهكشي
دانشگاه علوم كشاورزي و منابع طبيعي گرگان,1914,مهندسي كشاورزي -اب,,15,-,5,10,مهندسي آب گرايش سازه هاي آبي
دانشگاه علوم كشاورزي و منابع طبيعي گرگان,1915,مهندسي موادوطراحي صنايع غذايي,,25,-,12,13,
دانشگاه علوم كشاورزي و منابع طبيعي گرگان,6848,مهندسي كشاورزي -اقتصادكشاورزي,,25,-,12,13,
دانشگاه علوم و فنون دريايي خرمشهر,1916,رياضيات وكاربردها,,25,-,زن,مرد,
دانشگاه علوم و فنون دريايي خرمشهر,1917,مهندسي دريا,كشتي سازي,25,-,زن,مرد,
دانشگاه علوم و فنون دريايي خرمشهر,1918,مخابرات والكترونيك دريايي,,25,-,زن,مرد,
دانشگاه علوم و فنون دريايي خرمشهر,6849,علوم اقتصادي,اقتصادحمل ونقل,30,-,زن,مرد,
دانشگاه علوم و فنون دريايي خرمشهر,6850,مديريت وبازرگاني دريايي,بندروكشتيراني,25,-,زن,مرد,
دانشگاه علوم و فنون دريايي خرمشهر,6851,مديريت وبازرگاني دريايي,گمرگي,25,-,زن,مرد,
دانشگاه علوم و فنون دريايي خرمشهر,6852,مديريت وبازرگاني دريايي,مناطق ويژه,25,-,زن,مرد,
دانشگاه فردوسي مشهد,1919,امار وكاربردها,,25,-,زن,مرد,
دانشگاه فردوسي مشهد,1920,رياضيات وكاربردها,,60,-,زن,مرد,
دانشگاه فردوسي مشهد,1921,فيزيك,,20,-,زن,مرد,
دانشگاه فردوسي مشهد,1922,مهندسي برق,,70,-,زن,مرد,
دانشگاه فردوسي مشهد,1923,مهندسي شهرسازي,,18,-,زن,مرد,
دانشگاه فردوسي مشهد,1924,مهندسي شيمي,,50,-,زن,مرد,
دانشگاه فردوسي مشهد,1925,مهندسي صنايع,,25,-,زن,مرد,
دانشگاه فردوسي مشهد,1926,مهندسي عمران,,25,-,زن,مرد,
دانشگاه فردوسي مشهد,1927,مهندسي كامپيوتر,سخت افزار,20,-,زن,مرد,
دانشگاه فردوسي مشهد,1928,مهندسي كامپيوتر,نرم افزار,20,-,زن,مرد,
دانشگاه فردوسي مشهد,1929,مهندسي معماري,,15,-,زن,مرد,
دانشگاه فردوسي مشهد,1930,مهندسي مكانيك,,60,-,زن,مرد,
دانشگاه فردوسي مشهد,1931,مهندسي مواد,متالوژي صنعتي,30,-,زن,مرد,
دانشگاه فردوسي مشهد,1932,مهندسي كشاورزي -مكانيك ماشينهاي كشاورزي,,20,-,زن,مرد,
دانشگاه فردوسي مشهد,1933,مهندسي كشاورزي -اب,,30,-,15,15,
دانشگاه فردوسي مشهد,6853,حسابداري,,30,-,زن,مرد,
دانشگاه فردوسي مشهد,6855,علوم اقتصادي,اقتصادبازرگاني,30,-,زن,مرد,
دانشگاه فردوسي مشهد,6856,علوم اقتصادي,اقتصادنظري,30,-,زن,مرد,
دانشگاه فردوسي مشهد,6857,كتابداري واطلاع رساني,,20,-,زن,مرد,
دانشگاه فردوسي مشهد,6858,مديريت بازرگاني,,20,-,زن,مرد,
دانشگاه فردوسي مشهد,6859,مديريت دولتي,,20,-,زن,مرد,
دانشگاه فردوسي مشهد,6860,مهندسي كشاورزي -اقتصادكشاورزي,,20,-,زن,مرد,
دانشگاه فسا,1934,امار وكاربردها,,20,-,زن,مرد,
دانشگاه فسا,1935,رياضيات وكاربردها,,20,-,زن,مرد,
دانشگاه فسا,1936,علوم كامپيوتر,,20,-,زن,مرد,
دانشگاه فسا,1937,مهندسي عمران,,20,-,زن,مرد,
دانشگاه فسا,1938,مهندسي فناوري اطلاعات,,20,-,زن,مرد,
دانشگاه فسا,1939,مهندسي كامپيوتر,نرم افزار,20,-,زن,مرد,
دانشگاه فسا,1940,مهندسي كشاورزي -اب,,20,-,زن,مرد,
دانشگاه قم,1941,امار وكاربردها,,60,-,25,35,
دانشگاه قم,1942,رياضيات وكاربردها,,60,-,25,35,
دانشگاه قم,1943,علوم كامپيوتر,,60,-,25,35,
دانشگاه قم,1944,فيزيك,,65,-,30,35,
دانشگاه قم,1945,مهندسي صنايع,,35,-,ـــ,مرد,
دانشگاه قم,1946,مهندسي عمران,,30,-,ـــ,مرد,
ادامه دانشگاه قم,1947,مهندسي كامپيوتر,نرم افزار,60,-,25,35,
ادامه دانشگاه قم,1948,مهندسي معماري,,60,-,25,35,
ادامه دانشگاه قم,1949,مهندسي مكانيك,,35,-,ـــ,مرد,
ادامه دانشگاه قم,6861,شيمي,كاربردي,40,-,15,25,
ادامه دانشگاه قم,6862,علوم اقتصادي,اقتصادبازرگاني,35,-,ـــ,مرد,
ادامه دانشگاه قم,6863,كتابداري واطلاع رساني,,65,-,30,35,
ادامه دانشگاه قم,6864,مديريت بازرگاني,,55,-,25,30,
ادامه دانشگاه قم,6865,مديريت صنعتي,,65,-,30,35,
دانشگاه كاشان,1950,امار وكاربردها,,15,-,زن,مرد,
دانشگاه كاشان,1951,امار وكاربردها,,14,-,زن,ـــ,مجموعه خواهران- خيابان طالقاني
دانشگاه كاشان,1952,رياضيات وكاربردها,,28,-,زن,مرد,
دانشگاه كاشان,1953,علوم كامپيوتر,,15,-,زن,مرد,
دانشگاه كاشان,1954,علوم كامپيوتر,,14,-,زن,ـــ,مجموعه خواهران- خيابان طالقاني
دانشگاه كاشان,1955,فيزيك,"حالت جامد, هسته اي",28,-,زن,مرد,
دانشگاه كاشان,1956,مهندسي برق,"الكترونيك, قدرت, كنترل, مخابرات",62,-,زن,مرد,
دانشگاه كاشان,1957,مهندسي شيمي,,15,-,زن,مرد,
دانشگاه كاشان,1958,مهندسي عمران,,15,-,زن,مرد,
دانشگاه كاشان,1959,مهندسي كامپيوتر,نرم افزار,15,-,زن,مرد,
دانشگاه كاشان,1960,مهندسي كامپيوتر,نرم افزار,14,-,زن,ـــ,مجموعه خواهران- خيابان طالقاني
دانشگاه كاشان,1961,مهندسي معدن,,15,-,ـــ,مرد,
دانشگاه كاشان,1962,مهندسي معماري,,15,-,زن,مرد,
دانشگاه كاشان,1963,مهندسي مكانيك,,46,-,زن,مرد,
دانشگاه كاشان,1964,فيزيك مهندسي,,15,-,زن,مرد,
دانشگاه كاشان,6866,شيمي,كاربردي,14,-,زن,مرد,
دانشگاه كردستان - سنندج,1965,امار وكاربردها,,40,-,20,20,
دانشگاه كردستان - سنندج,1966,رياضيات وكاربردها,,40,-,20,20,
دانشگاه كردستان - سنندج,1967,فيزيك,,40,-,20,20,
دانشگاه كردستان - سنندج,1968,مهندسي برق,الكترونيك,35,-,10,25,
دانشگاه كردستان - سنندج,1969,مهندسي برق,قدرت,-,35,10,25,
دانشگاه كردستان - سنندج,1970,مهندسي شهرسازي,,27,-,12,15,
دانشگاه كردستان - سنندج,1971,مهندسي شيمي,,35,-,15,20,
دانشگاه كردستان - سنندج,1972,مهندسي صنايع,,35,-,15,20,
دانشگاه كردستان - سنندج,1973,مهندسي عمران,,35,-,10,25,
دانشگاه كردستان - سنندج,1974,مهندسي فناوري اطلاعات,,-,35,17,18,
دانشگاه كردستان - سنندج,1975,مهندسي كامپيوتر,نرم افزار,35,-,17,18,
دانشگاه كردستان - سنندج,1976,مهندسي معدن,,30,-,10,20,
دانشگاه كردستان - سنندج,1977,مهندسي معماري,,30,-,15,15,
دانشگاه كردستان - سنندج,1978,مهندسي مكانيك,,35,-,10,25,
دانشگاه كردستان - سنندج,1979,مهندسي كشاورزي -مكانيك ماشينهاي كشاورزي,,35,-,10,25,
دانشگاه كردستان - سنندج,1980,مهندسي كشاورزي -اب,,35,-,10,25,
دانشگاه كردستان - سنندج,6867,حسابداري,,-,30,15,15,
دانشگاه كردستان - سنندج,6868,مديريت بازرگاني,,30,-,15,15,
دانشگاه كردستان - سنندج,6869,مهندسي كشاورزي -اقتصادكشاورزي,,35,-,17,18,
دانشگاه كوثر بجنورد,1981,رياضيات وكاربردها,,30,-,زن,ـــ,
دانشگاه كوثر بجنورد,1982,علوم كامپيوتر,,30,-,زن,ـــ,
دانشگاه كوثر بجنورد,1983,مهندسي صنايع,,30,-,زن,ـــ,
دانشگاه كوثر بجنورد,1984,مهندسي كامپيوتر,نرم افزار,30,-,زن,ـــ,
دانشگاه كوثر بجنورد,6870,حسابداري,,-,30,زن,ـــ,
دانشگاه گلستان-  گرگان,1985,امار وكاربردها,,15,-,ـــ,مرد,
دانشگاه گلستان-  گرگان,1986,رياضيات وكاربردها,,15,-,زن,مرد,
دانشگاه گلستان-  گرگان,1987,علوم كامپيوتر,,15,-,زن,مرد,
دانشگاه گلستان-  گرگان,1988,فيزيك,,15,-,ـــ,مرد,
دانشگاه گلستان-  گرگان,1989,مهندسي برق,الكترونيك,15,-,زن,مرد,
دانشگاه گلستان-  گرگان,1990,مهندسي برق,الكترونيك,15,-,زن,مرد,محل تحصيل دانشكده فني و مهندسي علي اباد
دانشگاه گلستان-  گرگان,1991,مهندسي برق,كنترل,15,-,ـــ,مرد,
دانشگاه گلستان-  گرگان,1992,مهندسي پليمر,صنايع پليمر,15,-,زن,مرد,
دانشگاه گلستان-  گرگان,1993,مهندسي شيمي,,15,-,زن,مرد,محل تحصيل شهرستان علي آباد كتول
دانشگاه گلستان-  گرگان,1994,مهندسي عمران,,15,-,زن,ـــ,
دانشگاه گلستان-  گرگان,1995,مهندسي عمران,,-,15,ـــ,مرد,محل تحصيل شهرستان علي آباد كتول
دانشگاه گلستان-  گرگان,1996,مهندسي كامپيوتر,نرم افزار,15,-,زن,مرد,
دانشگاه گلستان-  گرگان,1997,مهندسي معماري,,15,-,زن,مرد,
دانشگاه گلستان-  گرگان,6871,شيمي,كاربردي,15,-,زن,مرد,
دانشگاه گيلان - رشت,1998,رياضيات وكاربردها,,70,-,35,35,
دانشگاه گيلان - رشت,1999,فيزيك,حالت جامد,35,-,18,17,
دانشگاه گيلان - رشت,2000,فيزيك,هستهاي,35,-,18,17,
دانشگاه گيلان - رشت,2001,مهندسي برق,الكترونيك,30,-,15,15,
دانشگاه گيلان - رشت,2002,مهندسي برق,قدرت,30,-,15,15,
دانشگاه گيلان - رشت,2003,مهندسي شهرسازي,,20,-,10,10,
ادامه دانشگاه گيلان -  رشت,2004,مهندسي شيمي,,70,-,35,35,
ادامه دانشگاه گيلان -  رشت,2005,مهندسي عمران,,35,-,18,17,
ادامه دانشگاه گيلان -  رشت,2006,مهندسي كامپيوتر,سخت افزار,30,-,15,15,
ادامه دانشگاه گيلان -  رشت,2007,مهندسي كامپيوتر,نرم افزار,30,-,15,15,
ادامه دانشگاه گيلان -  رشت,2008,مهندسي معماري,,25,-,13,12,
ادامه دانشگاه گيلان -  رشت,2009,مهندسي مكانيك,,75,-,38,37,
ادامه دانشگاه گيلان -  رشت,2010,مهندسي نساجي,شيمي نساجي وعلوم الياف,40,-,20,20,
ادامه دانشگاه گيلان -  رشت,2011,مهندسي كشاورزي -مكانيزاسيون كشاورزي,,30,-,15,15,
ادامه دانشگاه گيلان -  رشت,2012,مهندسي كشاورزي -اب,,30,-,15,15,
ادامه دانشگاه گيلان -  رشت,6872,شيمي,كاربردي,35,-,18,17,
ادامه دانشگاه گيلان -  رشت,6873,مديريت بازرگاني,,40,-,20,20,
ادامه دانشگاه گيلان -  رشت,6874,مديريت صنعتي,,40,-,20,20,
دانشگاه لرستان - خرم آباد,2013,امار وكاربردها,,40,-,زن,ـــ,
دانشگاه لرستان - خرم آباد,2014,رياضيات وكاربردها,,20,-,ـــ,مرد,
دانشگاه لرستان - خرم آباد,2015,رياضيات وكاربردها,,40,-,زن,ـــ,محل تحص يل مركز آموزش عالي الشتر - اسـتفاده از غـذاخور ي دانـشگاهبصورت آزاد و فاقد خوابگاه
دانشگاه لرستان - خرم آباد,2016,رياضيات وكاربردها,,40,-,زن,ـــ,محـل تحـصيل مركزآمـوزش عـالي كوهدشـت - اسـتفاده از غـذاخوري دانشگاه بصورت آزاد و فاقد خوابگاه
دانشگاه لرستان - خرم آباد,2017,علوم كامپيوتر,,20,-,زن,ـــ,
دانشگاه لرستان - خرم آباد,2018,علوم كامپيوتر,,20,-,ـــ,مرد,
دانشگاه لرستان - خرم آباد,2019,فيزيك,,20,-,ـــ,مرد,
دانشگاه لرستان - خرم آباد,2020,فيزيك,,-,20,زن,ـــ,
دانشگاه لرستان - خرم آباد,2021,مهندسي برق,الكترونيك,40,-,ـــ,مرد,
دانشگاه لرستان - خرم آباد,2022,مهندسي برق,قدرت,40,-,ـــ,مرد,
دانشگاه لرستان - خرم آباد,2023,مهندسي عمران,,20,-,ـــ,مرد,
دانشگاه لرستان - خرم آباد,2024,مهندسي كامپيوتر,نرم افزار,20,-,زن,ـــ,
دانشگاه لرستان - خرم آباد,2025,مهندسي كامپيوتر,نرم افزار,40,-,زن,ـــ,محل تحصيل مركز آموزش عالي الشتر- اسـتفاده از غـذاخوري دانـشگاه بصورت آزاد و فاقد خوابگاه
دانشگاه لرستان - خرم آباد,2026,مهندسي كامپيوتر,نرم افزار,40,-,ـــ,مرد,محل تحصيل مركز آموزش عالي پلدختر- استفاده از غـذاخوري دانـشگاه بصورت آزاد و فاقد خوابگاه
دانشگاه لرستان - خرم آباد,2027,مهندسي معدن,,40,-,ـــ,مرد,
دانشگاه لرستان - خرم آباد,2028,مهندسي كشاورزي -اب,,40,-,ـــ,مرد,
دانشگاه لرستان - خرم آباد,6875,حسابداري,,40,-,ـــ,مرد,محل تحصيل مركز آموزش عالي نورآباد- استفاده از  غـذاخور ي دانـشگاهبصورت آزاد و فاقد خوابگاه
دانشگاه لرستان - خرم آباد,6876,علوم اقتصادي,اقتصادبازرگاني,-,20,ـــ,مرد,
دانشگاه لرستان - خرم آباد,6877,علوم اقتصادي,اقتصادبازرگاني,20,-,زن,ـــ,
دانشگاه لرستان - خرم آباد,6878,مديريت بازرگاني,,20,-,ـــ,مرد,
دانشگاه لرستان - خرم آباد,6879,مديريت بازرگاني,,-,20,زن,ـــ,
دانشگاه مازندران - بابلسر,2029,امار وكاربردها,,25,-,15,10,
دانشگاه مازندران - بابلسر,2030,رياضيات وكاربردها,,30,-,18,12,
دانشگاه مازندران - بابلسر,2031,علوم كامپيوتر,,25,-,15,10,
دانشگاه مازندران - بابلسر,2032,فيزيك,اتمي,20,-,10,10,
دانشگاه مازندران - بابلسر,2033,فيزيك,حالت جامد,25,-,13,12,
دانشگاه مازندران - بابلسر,2034,فيزيك,هسته اي,25,-,13,12,
دانشگاه مازندران - بابلسر,2035,مهندسي شهرسازي,,20,-,10,10,
دانشگاه مازندران - بابلسر,2036,مهندسي شيمي,,25,-,13,12,
دانشگاه مازندران - بابلسر,2037,مهندسي عمران,,25,-,13,12,
دانشگاه مازندران - بابلسر,2038,مهندسي فناوري اطلاعات,,25,-,13,12,
دانشگاه مازندران - بابلسر,2039,مهندسي كامپيوتر,نرم افزار,25,-,13,12,
دانشگاه مازندران - بابلسر,2040,مهندسي معماري,,20,-,10,10,
دانشگاه مازندران - بابلسر,6880,حسابداري,,40,-,20,20,
دانشگاه مازندران - بابلسر,6881,شيمي,كاربردي,30,-,15,15,
دانشگاه مازندران - بابلسر,6882,علوم اقتصادي,اقتصادبازرگاني,40,-,20,20,
دانشگاه مازندران - بابلسر,6883,علوم اقتصادي,اقتصادنظري,40,-,20,20,
دانشگاه مازندران - بابلسر,6884,مديريت بازرگاني,,40,-,20,20,
دانشگاه مازندران - بابلسر,6885,مديريت جهانگردي,,35,-,21,14,
دانشگاه مازندران - بابلسر,6886,مديريت صنعتي,,40,-,20,20,
دانشگاه محقق اردبيلي - اردبيل,2041,امار وكاربردها,,30,-,ـــ,مرد,
دانشگاه محقق اردبيلي - اردبيل,2042,رياضيات وكاربردها,,30,-,ـــ,مرد,
دانشگاه محقق اردبيلي - اردبيل,2043,رياضيات وكاربردها,,-,30,زن,ـــ,
دانشگاه محقق اردبيلي - اردبيل,2044,علوم كامپيوتر,,30,-,زن,ـــ,
دانشگاه محقق اردبيلي - اردبيل,2045,فيزيك,"اتمي, مولكولي",30,-,زن,ـــ,
دانشگاه محقق اردبيلي - اردبيل,2046,فيزيك,حالت جامد,-,30,زن,ـــ,
دانشگاه محقق اردبيلي - اردبيل,2047,فيزيك,نظري,30,-,ـــ,مرد,
دانشگاه محقق اردبيلي - اردبيل,2048,فيزيك,هسته اي,-,30,ـــ,مرد,
دانشگاه محقق اردبيلي - اردبيل,2049,مهندسي برق,الكترونيك,-,30,زن,ـــ,
دانشگاه محقق اردبيلي - اردبيل,2050,مهندسي برق,قدرت,30,-,ـــ,مرد,
دانشگاه محقق اردبيلي - اردبيل,2051,مهندسي شيمي,,30,-,زن,ـــ,
دانشگاه محقق اردبيلي - اردبيل,2052,مهندسي عمران,,30,-,ـــ,مرد,
دانشگاه محقق اردبيلي - اردبيل,2053,مهندسي كامپيوتر,نرم افزار,30,-,ـــ,مرد,
دانشگاه محقق اردبيلي - اردبيل,2054,مهندسي معماري,,30,-,ـــ,مرد,
دانشگاه محقق اردبيلي - اردبيل,2055,مهندسي معماري,,-,30,زن,ـــ,
دانشگاه محقق اردبيلي - اردبيل,2056,مهندسي مكانيك,,30,-,ـــ,مرد,
دانشگاه محقق اردبيلي - اردبيل,2057,مهندسي كشاورزي -مكانيك ماشينهاي كشاورزي,,30,-,ـــ,مرد,
دانشگاه محقق اردبيلي - اردبيل,2058,مهندسي كشاورزي -مكانيزاسيون كشاورزي,,-,30,ـــ,مرد,
دانشگاه محقق اردبيلي - اردبيل,2059,مهندسي كشاورزي -اب,,30,-,ـــ,مرد,
دانشگاه محقق اردبيلي - اردبيل,6888,شيمي,كاربردي,-,30,زن,ـــ,
دانشگاه محقق اردبيلي - اردبيل,6889,مديريت بازرگاني,,30,-,ـــ,مرد,
دانشگاه محقق اردبيلي - اردبيل,6890,مديريت جهانگردي,,30,-,ـــ,مرد,
دانشگاه مراغه,2060,رياضيات وكاربردها,,35,-,زن,مرد,
دانشگاه مراغه,2061,مهندسي عمران,,35,-,زن,مرد,
دانشگاه مراغه,2062,مهندسي مواد,متالوژي صنعتي,35,-,زن,مرد,
دانشگاه مراغه,6891,شيمي,كاربردي,-,35,زن,مرد,
دانشگاه ملاير,2063,امار وكاربردها,,40,-,زن,مرد,
دانشگاه ملاير,2064,رياضيات وكاربردها,,40,-,زن,مرد,
دانشگاه ملاير,2065,فيزيك,حالت جامد,40,-,زن,مرد,
دانشگاه ملاير,2066,مهندسي برق,قدرت,40,-,20,20,
دانشگاه ملاير,2067,مهندسي عمران,,40,-,20,20,
دانشگاه ملاير,2068,مهندسي كامپيوتر,نرم افزار,40,-,20,20,
دانشگاه ملاير,2069,مهندسي معماري,,40,-,زن,ـــ,
دانشگاه ملاير,2070,مهندسي مكانيك,,40,-,ـــ,مرد,
دانشگاه ملاير,2071,مهندسي مواد,سراميك,40,-,زن,مرد,
دانشگاه ملاير,2072,مهندسي مواد,متالوژي صنعتي,40,-,زن,مرد,
دانشگاه ملاير,6892,شيمي,كاربردي,40,-,زن,مرد,
دانشگاه نيشابور,2073,رياضيات وكاربردها,,45,-,زن,مرد,
دانشگاه نيشابور,2074,فيزيك,,25,-,زن,مرد,
دانشگاه هرمزگان -  بندرعباس,2075,امار وكاربردها,,22,-,11,11,
دانشگاه هرمزگان -  بندرعباس,2076,رياضيات وكاربردها,,22,-,11,11,
دانشگاه هرمزگان -  بندرعباس,2077,فيزيك,هواشناسي,22,-,11,11,
دانشگاه هرمزگان -  بندرعباس,2078,مهندسي برق,الكترونيك,11,-,4,7,
دانشگاه هرمزگان -  بندرعباس,2079,مهندسي برق,كنترل,11,-,4,7,
دانشگاه هرمزگان -  بندرعباس,2080,مهندسي صنايع,,22,-,9,13,
دانشگاه هرمزگان -  بندرعباس,2081,مهندسي عمران,,22,-,7,15,
دانشگاه هرمزگان -  بندرعباس,2082,مهندسي كامپيوتر,سخت افزار,22,-,11,11,
دانشگاه هرمزگان -  بندرعباس,2083,مهندسي مكانيك,,22,-,7,15,
دانشگاه هرمزگان -  بندرعباس,2084,مهندسي كشاورزي -اب,,22,-,ـــ,مرد,دانشكده كشاورزي  ميناب
دانشگاه هرمزگان -  بندرعباس,6893,مديريت بازرگاني,,22,-,11,11,
دانشگاه هرمزگان -  بندرعباس,6894,مديريت دولتي,,22,-,11,11,
دانشگاه هرمزگان -  بندرعباس,6895,مديريت صنعتي,,22,-,11,11,
دانشگاه هرمزگان -  بندرعباس,6896,مديريت گمركي,,22,-,11,11,
دانشگاه هنر اسلامي تبريز *,2085,مهندسي معماري,,25,-,ـــ,مرد,
دانشگاه هنر اسلامي تبريز *,2086,مهندسي معماري,,-,25,زن,ـــ,
دانشگاه هنر اسلامي تبريز *,2087,كارشناسي چندرسانه اي,,24,-,ـــ,مرد,
دانشگاه هنر اسلامي تبريز *,2088,كارشناسي چندرسانه اي,,-,24,زن,ـــ,
دانشگاه هنراصفهان,2089,مهندسي شهرسازي,,20,-,10,10,
دانشگاه هنراصفهان,2090,مهندسي معماري,,20,-,10,10,
دانشگاه هنر تهران,2091,مهندسي شهرسازي,,20,-,10,10,محل تحصيل كرج
دانشگاه هنر تهران,2092,مهندسي معماري,,20,-,10,10,محل تحصيل كرج
دانشگاه ولايت- ايرانشهر,2093,امار وكاربردها,,-,25,زن,مرد,
دانشگاه ولايت- ايرانشهر,2094,رياضيات وكاربردها,,-,25,زن,مرد,
دانشگاه ولايت- ايرانشهر,2095,علوم كامپيوتر,,-,25,زن,مرد,
دانشگاه ولايت- ايرانشهر,2096,مهندسي برق,الكترونيك,-,25,زن,مرد,
دانشگاه ولايت- ايرانشهر,2097,مهندسي صنايع,,-,25,زن,مرد,
دانشگاه ولايت- ايرانشهر,2098,مهندسي عمران,,-,25,زن,مرد,
دانشگاه ولايت- ايرانشهر,6897,حسابداري,,-,25,زن,مرد,
دانشگاه ولايت- ايرانشهر,6898,مديريت دولتي,,-,25,زن,مرد,
دانشگاه ولايت- ايرانشهر,6899,مديريت كسب وكارهاي كوچك,,-,25,زن,مرد,
دانشگاه ولي عصر)عج-(  رفسنجان,2099,امار وكاربردها,,35,-,زن,مرد,
دانشگاه ولي عصر)عج-(  رفسنجان,2100,رياضيات وكاربردها,,40,-,زن,مرد,
دانشگاه ولي عصر)عج-(  رفسنجان,2101,علوم كامپيوتر,,35,-,زن,مرد,
دانشگاه ولي عصر)عج-(  رفسنجان,2102,فيزيك,اتمي,35,-,زن,مرد,
دانشگاه ولي عصر)عج-(  رفسنجان,2103,مهندسي برق,كنترل,25,-,زن,مرد,
دانشگاه ولي عصر)عج-(  رفسنجان,2104,مهندسي عمران,,25,-,زن,مرد,
دانشگاه ولي عصر)عج-(  رفسنجان,2105,مهندسي فناوري اطلاعات,,35,-,زن,مرد,
دانشگاه ولي عصر)عج-(  رفسنجان,2106,مهندسي كامپيوتر,نرم افزار,30,-,زن,مرد,
دانشگاه ولي عصر)عج-(  رفسنجان,2107,مهندسي مكانيك,,40,-,زن,مرد,
دانشگاه ولي عصر)عج-(  رفسنجان,6900,حسابداري,,30,-,زن,مرد,
دانشگاه ولي عصر)عج-(  رفسنجان,6901,علوم اقتصادي,اقتصاداسلامي,40,-,زن,مرد,عنوان رشته اقتصاد اسلامي
دانشگاه ولي عصر)عج-(  رفسنجان,6902,مديريت صنعتي,,35,-,زن,مرد,
دانشگاه ياسوج,2108,رياضيات وكاربردها,,36,-,18,18,
دانشگاه ياسوج,2109,فيزيك,حالت جامد,36,-,18,18,
دانشگاه ياسوج,2110,مهندسي پليمر,,15,-,ـــ,مرد,محل تحصيل دانشكده نفت وگاز گچساران ـ فاقد خوابگاه
دانشگاه ياسوج,2111,مهندسي شيمي,,20,-,7,13,
دانشگاه ياسوج,2112,مهندسي عمران,,36,-,12,24,
دانشگاه ياسوج,2113,مهندسي مكانيك,,36,-,12,24,
دانشگاه ياسوج,2114,مهندسي مواد,متالوژي استخراجي,20,-,7,13,
دانشگاه ياسوج,2115,كاردان فني عمران,عمران روستايي,15,-,ـــ,مرد,محل تحصيل دانشكده صنعت ومعدن چرام - فاقد خوابگاه
دانشگاه ياسوج,2116,كاردان فني مكانيك,تاسيسات ابرساني و گازرساني,15,-,ـــ,مرد,محل تحصيل ذانشكده صنعت ومعدن چرام - فاقدخوابگاه
دانشگاه ياسوج,2117,كاردان فني مكانيك,جوشكاري,15,-,ـــ,مرد,محل تحصيل دانشكده نفت وگاز گچساران ـ فاقد خوابگاه
دانشگاه ياسوج,6903,شيمي,كاربردي,15,-,ـــ,مرد,محل تحصيل دانشكده نفت وگاز گچساران ـ فاقد خوابگاه
دانشگاه يزد,2118,امار وكاربردها,,30,-,12,18,
دانشگاه يزد,2119,رياضيات وكاربردها,,65,-,26,39,
دانشگاه يزد,2120,علوم كامپيوتر,,30,-,12,18,
دانشگاه يزد,2121,فيزيك,"اتمي, مولكولي",20,-,8,12,
دانشگاه يزد,2122,فيزيك,حالت جامد,20,-,8,12,
دانشگاه يزد,2123,فيزيك,هسته اي,20,-,8,12,
دانشگاه يزد,2124,فيزيك,هواشناسي,20,-,8,12,
دانشگاه يزد,2125,مهندسي برق,"الكترونيــــك, قــــدرت, مخابرات",60,-,12,48,
دانشگاه يزد,2126,مهندسي شهرسازي,,14,-,3,11,
دانشگاه يزد,2127,مهندسي صنايع,,25,-,5,20,
دانشگاه يزد,2128,مهندسي عمران,,60,-,ـــ,مرد,
دانشگاه يزد,2129,مهندسي كامپيوتر,نرم افزار,20,-,4,16,
دانشگاه يزد,2130,مهندسي معماري,,14,-,3,11,
دانشگاه يزد,2131,مهندسي مكانيك,,60,-,ـــ,مرد,
دانشگاه يزد,2132,مهندسي مواد,متالوژي صنعتي,25,-,ـــ,مرد,
دانشگاه يزد,2133,مهندسي نساجي,پوشاك,25,-,زن,ـــ,
دانشگاه يزد,2134,مهندسي نساجي,تكنولوژي نساجي,25,-,5,20,
دانشگاه يزد,2135,مهندسي نساجي,شيمي نساجي وعلوم الياف,25,-,5,20,
دانشگاه يزد,6904,حسابداري,,30,-,12,18,
دانشگاه يزد,6905,شيمي,فناوري اطلاعات,20,-,8,12,
دانشگاه يزد,6906,علوم اقتصادي,اقتصادصنعتي,35,-,14,21,
دانشگاه يزد,6907,كتابداري واطلاع رساني,,25,-,10,15,
دانشگاه يزد,6908,مديريت بازرگاني,,30,-,12,18,
دانشگاه يزد,6909,مديريت جهانگردي,,30,-,12,18,
دانشگاه يزد,6910,مديريت صنعتي,,30,-,12,18,
آموزشكده فني نقشه برداري -  وابسته به سازمان نقشه برداري,2136,كاردان فني عمران,كارتوگرافي,25,-,زن,ـــ,
آموزشكده فني نقشه برداري -  وابسته به سازمان نقشه برداري,2137,كاردان فني عمران,نقشه برداري,30,-,ـــ,مرد,
آموزشكده كشاورزي -  وابسته به وزارت كشاورزي -  كرج,2138,كارداني تكنولوژي ابياري,,50,-,زن,مرد,
آموزشكده كشاورزي -  وابسته به وزارت كشاورزي -  كرج,2139,کاردانی علمی کاربردی ماشینهای کشاورزی-مکانیزاسیون ماشینهای کشاورزی,,50,-,زن,مرد,
آموزشكده فني اسفراين,2140,كاردان فني مكانيك,ساخت وتوليد,60,-,ـــ,مرد,اموزشكده فني اسفراين
آموزشكده فني اسفراين,2141,كاردان فني مواد,ريخته گري,60,-,ـــ,مرد,اموزشكده فني اسفراين/عنوان رشته كارداني علمي-كاربردي ريختهگري
دانشكده رياضي و كامپيوتر خوانسار,2142,امار وكاربردها,,40,-,زن,ـــ,داراي امكانات خوابگاهي
دانشكده رياضي و كامپيوتر خوانسار,2143,رياضيات وكاربردها,,80,-,زن,ـــ,داراي امكانات خوابگاهي
دانشكده سلامت ايمني ومحيط زيست-وابسته به دانشگاه علوم پزشكي شهيد بهشتي-  تهران,2144,مهندسي صنايع,,25,-,زن,مرد,گرايش ايمني صنعتي
دانشكده علوم اقتصادي ـ تهران,6911,حسابداري,,20,-,زن,مرد,
دانشكده علوم اقتصادي ـ تهران,6912,حسابداري,حسابرسي,20,-,زن,مرد,
دانشكده علوم اقتصادي ـ تهران,6913,حسابداري,دولتي,20,-,زن,مرد,
دانشكده علوم اقتصادي ـ تهران,6914,حسابداري,مالياتي,20,-,زن,مرد,
دانشكده علوم اقتصادي ـ تهران,6915,علوم اقتصادي,اقتصادصنعتي,12,-,زن,مرد,
دانشكده علوم اقتصادي ـ تهران,6916,علوم اقتصادي,اقتصادنظري,12,-,زن,مرد,
دانشكده علوم اقتصادي ـ تهران,6917,علوم اقتصادي,اقتصادحمل ونقل,12,-,زن,مرد,
دانشكده علوم اقتصادي ـ تهران,6918,مديريت مالي,,20,-,زن,مرد,
دانشكده فني و حرفهاي دختران تهران )دكترشريعتي(,2145,مهندسي برق,الكترونيك,32,-,زن,ـــ,
دانشكده فني و حرفهاي دختران تهران )دكترشريعتي(,2146,مهندسي كامپيوتر,نرم افزار,32,-,زن,ـــ,
دانشكده فني و حرفهاي دختران تهران )دكترشريعتي(,2147,مهندسي معماري,,33,-,زن,ـــ,
دانشكده فني و حرفهاي دختران تهران )دكترشريعتي(,6919,حسابداري,,30,-,زن,ـــ,
دانشكده فني و مهندسي گرمسار,2148,مهندسي صنايع,,35,-,ـــ,مرد,
دانشكده فني و مهندسي گرمسار,2149,مهندسي عمران,,35,-,ـــ,مرد,
دانشكده فني و مهندسي گرمسار,2150,مهندسي معماري,,35,-,ـــ,مرد,
دانشكده فني و مهندسي گرمسار,2151,مهندسي نفت,,35,-,ـــ,مرد,
دانشكده فني و مهندسي اراك,2152,مهندسي برق,قدرت,25,-,زن,مرد,
دانشكده فني و مهندسي اراك,2153,مهندسي عمران,نقشه برداري,25,-,زن,مرد,
دانشكده فني و مهندسي اراك,2154,مهندسي معدن,,25,-,زن,مرد,
دانشكده فني و مهندسي اراك,2155,مهندسي مكانيك,,25,-,زن,مرد,
دانشكده فني و مهندسي گلپايگان,2156,مهندسي صنايع,,37,-,زن,مرد,
دانشكده فني و مهندسي گلپايگان,2157,مهندسي مكانيك,,37,-,زن,مرد,
دانشكده فني و مهندسي گلپايگان,2158,مهندسي مواد,,37,-,زن,مرد,
دانشكده كشاورزي و دامپروري تربت جام,2159,مهندسي كشاورزي -اب,,30,-,5,25,
دانشكده فني و مهندسي گلبهار)استان خراسان رضوي(,2160,مهندسي صنايع,,40,-,ـــ,مرد,
دانشكده فني و مهندسي گلبهار)استان خراسان رضوي(,2161,مهندسي كامپيوتر,نرم افزار,40,-,ـــ,مرد,
مجتمع آموزش عالي تربت حيدريه,2162,مهندسي صنايع,,30,-,زن,مرد,
مجتمع آموزش عالي تربت حيدريه,2163,مهندسي عمران,,30,-,زن,مرد,
مجتمع آموزش عالي تربت حيدريه,2164,كاردان فني عمران,كارهاي عمومي ساختمان,40,-,زن,مرد,
مجتمع آموزش عالي تربت حيدريه,2165,كارداني فناوري اطلاعات وارتباطات,,50,-,زن,مرد,
مجتمع آموزش عالي تربت حيدريه,2166,كارداني علمي -كاربردي نرم افزاركامپيوتر,,50,-,زن,مرد,
مجتمع آموزش عالي اردكان,2167,مهندسي صنايع,,15,-,زن,مرد,
مجتمع آموزش عالي اردكان,2168,مهندسي عمران,,15,-,زن,مرد,
مجتمع آموزش عالي اردكان,2169,مهندسي كامپيوتر,نرم افزار,15,-,زن,مرد,
مجتمع آموزش عالي بم,2170,امار وكاربردها,,-,35,زن,مرد,
مجتمع آموزش عالي بم,2171,رياضيات وكاربردها,,35,-,زن,مرد,
مجتمع آموزش عالي بم,2172,مهندسي صنايع,,-,35,زن,مرد,مهندسي صنايع- ايمني صنعتي
مجتمع آموزش عالي بم,2173,مهندسي مكانيك,,35,-,زن,مرد,
مجتمع آموزش عالي بم,2174,كاردان فني مكانيك,جوشكاري,35,-,زن,مرد,
مجتمع آموزش عالي بم,2175,كاردان فني مكانيك,ماشين ابزار,35,-,زن,مرد,
مجتمع آموزش عالي بم,6920,مديريت جهانگردي,,35,-,زن,مرد,
مجتمع آموزش عالي بم,6921,كارداني صنعت جهانگردي,مديريت جهانگردي,35,-,زن,مرد,كارداني مديريت صنعت جهانگردي-گرايش مديريت جهانگردي
مجتمع آموزش عالي بم,6922,كارداني صنعت جهانگردي,مديريت هتلداري,35,-,زن,مرد,كارداني مديريت صنعت جهانگردي-گرايش مديريت هتلداري
مجتمع آموزش عالي فني و مهندسي قوچان,2176,رياضيات وكاربردها,,30,-,زن,مرد,
مجتمع آموزش عالي فني و مهندسي قوچان,2177,مهندسي برق,الكترونيك,30,-,زن,مرد,
مجتمع آموزش عالي فني و مهندسي قوچان,2178,مهندسي برق,قدرت,50,-,زن,مرد,
مجتمع آموزش عالي فني و مهندسي قوچان,2179,مهندسي برق,كنترل,30,-,زن,مرد,
مجتمع آموزش عالي فني و مهندسي قوچان,2180,مهندسي برق,مخابرات,50,-,زن,مرد,
مجتمع آموزش عالي فني و مهندسي قوچان,2181,مهندسي شيمي,,30,-,زن,مرد,
مجتمع آموزش عالي فني و مهندسي قوچان,2182,مهندسي صنايع,,25,-,زن,مرد,
مجتمع آموزش عالي فني و مهندسي قوچان,2183,مهندسي عمران,,30,-,زن,مرد,
مجتمع آموزش عالي فني و مهندسي قوچان,2184,مهندسي فناوري اطلاعات,,50,-,زن,مرد,
مجتمع آموزش عالي فني و مهندسي قوچان,2185,مهندسي كامپيوتر,نرم افزار,30,-,زن,مرد,
مجتمع آموزش عالي فني و مهندسي قوچان,2186,مهندسي مكانيك,,30,-,زن,مرد,
مجتمع آموزش عالي فني و مهندسي قوچان,2187,كارداني علمي -كاربردي مخابرات,ارتباط دادهها,20,-,زن,مرد,
مجتمع آموزش عالي فني و مهندسي قوچان,2188,كارداني علمي -كاربردي نرم افزاركامپيوتر,,20,-,زن,مرد,
مجتمع آموزش عالي گنبد,2189,امار وكاربردها,,30,-,زن,مرد,
مجتمع آموزش عالي گنبد,2190,رياضيات وكاربردها,,30,-,زن,مرد,
مجتمع آموزش عالي گنبد,2191,مهندسي كامپيوتر,نرم افزار,25,-,زن,مرد,دانشكده فني و مهندسي مينودشت
مجتمع آموزش عالي گنبد,2192,كاردان فني عمران,نقشه برداري,25,-,زن,مرد,دانشكده فني و مهندسي مينودشت
مجتمع آموزش عالي گنبد,2193,كارداني علمي –كاربردي نرم افزاركامپيوتر,,30,-,زن,مرد,
مجتمع آموزش عالي گنبد,6923,حسابداري,,40,-,20,20,
مجتمع آموزش عالي گنبد,6924,كارداني حسابداري,,40,-,20,20,
مجتمع آموزش عالي سراوان,6925,مهندسي كشاورزي –اقتصادكشاورزي,,30,-,زن,مرد,
مركز آموزش عالي شهرضا,2194,مهندسي كامپيوتر,نرم افزار,20,-,ـــ,مرد,
مركز آموزش عالي هوانوردي و فرودگاهي كشور,2195,كارداني الكترونيك هواپيمايي,,25,-,ـــ,مرد,
مركز آموزش عالي هوانوردي و فرودگاهي كشور,2196,كارداني تعميرونگهداري هواپيما,,50,-,ـــ,مرد,
مركز آموزش عالي هوانوردي و فرودگاهي كشور,2197,كارداني مخابرات هواپيما,,25,-,ـــ,مرد,
مركز آموزش عالي هوانوردي و فرودگاهي كشور,2198,كارداني مراقبت پرواز,,25,-,ـــ,مرد,
مركز تحصيلات تكميلي در علوم پايه زنجان,2199,مهندسي فناوري اطلاعات,,30,-,زن,مرد,فاقدخوابگاه
مركز آموزش عالي بهشهر,2200,رياضيات وكاربردها,,50,-,زن,مرد,
مركز آموزش عالي بهشهر,2201,مهندسي برق,الكترونيك,40,-,زن,مرد,
مركز آموزش عالي بهشهر,2202,مهندسي برق,قدرت,40,-,زن,مرد,
مركز آموزش عالي بهشهر,2203,مهندسي صنايع,,60,-,زن,مرد,
مركز آموزش عالي بهشهر,2204,مهندسي كامپيوتر,سخت افزار,35,-,زن,مرد,
مركز آموزش عالي بهشهر,2205,مهندسي كامپيوتر,نرم افزار,35,-,زن,مرد,
مركز آموزش عالي فني و مهندسي بويين زهرا,2206,مهندسي صنايع,,30,-,زن,مرد,
مركز آموزش عالي فني و مهندسي بويين زهرا,2207,مهندسي كامپيوتر,نرم افزار,30,-,زن,مرد,
مركز آموزش عالي استهبان,2208,مهندسي عمران,,35,-,ـــ,مرد,
مركز آموزش عالي اقليد,2209,مهندسي برق,كنترل,80,-,زن,مرد,محدوديت خوابگاه
مركز آموزش عالي گناباد,2210,مهندسي كامپيوتر,نرم افزار,30,-,15,15,
مركز آموزش عالي گناباد,2211,مهندسي مكانيك,,30,-,15,15,
مركز آموزش عالي لامرد,2212,مهندسي نفت,استخراج نفت,30,-,ـــ,مرد,
مركز آموزش عالي ممسني,2213,كاردان فني عمران,نقشه برداري,40,-,زن,مرد,
مركز آموزش عالي ممسني,2214,كارداني علمي -كاربردي نرم افزاركامپيوتر,,40,-,زن,مرد,كارداني كاربرد كامپيوتر
مركز آموزش عالي كاشمر,2215,مهندسي كشاورزي -اب,,30,-,ـــ,مرد,
دانشگاه شهيد مطهري*,6926,الهيات ومعارف اسلامي -فقه وحقوق اسلامي,,250,-,زن,مرد,
دانشگاه شهيد مطهري*,6927,الهيات ومعارف اسلامي -فلسفه وحكمت اسلامي,,200,-,زن,مرد,
دانشگاه صنعتي مالك اشتر-  وابسته به وزارت دفاع *,2216,مهندسي اپتيك وليزر,,20,-,ـــ,مرد,
دانشگاه صنعتي مالك اشتر-  وابسته به وزارت دفاع *,2217,مهندسي دريا,كشتي سازي,20,-,ـــ,مرد,
دانشگاه صنعتي مالك اشتر-  وابسته به وزارت دفاع *,2218,مهندسي هوافضا,,20,-,ـــ,مرد,
دانشگاه علوم قضايي و خدمات اداري- وابسته به قوه قضاييه *,6928,علوم قضايي,,250,-,ـــ,مرد,داراي شرايط خاص
دانشگاه علوم و معارف قرآن كريم -  وابسته به سازمان اوقاف و امور خيريه- قم *,6929,تربيت معلم قران مجيد,,60,-,30,30,محل تحصيل آمل
دانشگاه علوم و معارف قرآن كريم -  وابسته به سازمان اوقاف و امور خيريه- قم *,6930,تربيت معلم قران مجيد,,30,-,زن,ـــ,محل تحصيل تربت جام
دانشگاه علوم و معارف قرآن كريم -  وابسته به سازمان اوقاف و امور خيريه- قم *,6931,تربيت معلم قران مجيد,,40,-,زن,ـــ,محل تحصيل خرم اباد
دانشگاه علوم و معارف قرآن كريم -  وابسته به سازمان اوقاف و امور خيريه- قم *,6932,تربيت معلم قران مجيد,,80,-,40,40,محل تحصيل خوي
دانشگاه علوم و معارف قرآن كريم -  وابسته به سازمان اوقاف و امور خيريه- قم *,6933,تربيت معلم قران مجيد,,25,-,زن,ـــ,محل تحصيل دولت آباد اصفهان
دانشگاه علوم و معارف قرآن كريم -  وابسته به سازمان اوقاف و امور خيريه- قم *,6934,تربيت معلم قران مجيد,,80,-,40,40,محل تحصيل زابل
دانشگاه علوم و معارف قرآن كريم -  وابسته به سازمان اوقاف و امور خيريه- قم *,6935,تربيت معلم قران مجيد,,40,-,ـــ,مرد,محل تحصيل سبزوار
دانشگاه علوم و معارف قرآن كريم -  وابسته به سازمان اوقاف و امور خيريه- قم *,6936,تربيت معلم قران مجيد,,30,-,زن,ـــ,محل تحصيل شاهرود
دانشگاه علوم و معارف قرآن كريم -  وابسته به سازمان اوقاف و امور خيريه- قم *,6937,تربيت معلم قران مجيد,,60,-,30,30,محل تحصيل ميبد
دانشگاه علوم و معارف قرآن كريم -  وابسته به سازمان اوقاف و امور خيريه- قم *,6938,تفسيرقران مجيد,,40,-,زن,ـــ,محل تحصيل ايلام
دانشگاه علوم و معارف قرآن كريم -  وابسته به سازمان اوقاف و امور خيريه- قم *,6939,تفسيرقران مجيد,,40,-,ـــ,مرد,محل تحصيل ايلام
دانشگاه علوم و معارف قرآن كريم -  وابسته به سازمان اوقاف و امور خيريه- قم *,6940,تفسيرقران مجيد,,40,-,ـــ,مرد,محل تحصيل خرم آباد
دانشگاه علوم و معارف قرآن كريم -  وابسته به سازمان اوقاف و امور خيريه- قم *,6941,تفسيرقران مجيد,,40,-,ـــ,مرد,محل تحصيل خمين
دانشگاه علوم و معارف قرآن كريم -  وابسته به سازمان اوقاف و امور خيريه- قم *,6942,تفسيرقران مجيد,,40,-,ـــ,مرد,محل تحصيل دامغان
دانشگاه علوم و معارف قرآن كريم -  وابسته به سازمان اوقاف و امور خيريه- قم *,6943,تفسيرقران مجيد,,40,-,زن,ـــ,محل تحصيل دامغان
دانشگاه علوم و معارف قرآن كريم -  وابسته به سازمان اوقاف و امور خيريه- قم *,6944,تفسيرقران مجيد,,40,-,ـــ,مرد,محل تحصيل دولت آباد اصفهان
دانشگاه علوم و معارف قرآن كريم -  وابسته به سازمان اوقاف و امور خيريه- قم *,6945,تفسيرقران مجيد,,40,-,زن,ـــ,محل تحصيل دولت آباد اصفهان
دانشگاه علوم و معارف قرآن كريم -  وابسته به سازمان اوقاف و امور خيريه- قم *,6946,تفسيرقران مجيد,,40,-,زن,ـــ,محل تحصيل زابل
دانشگاه علوم و معارف قرآن كريم -  وابسته به سازمان اوقاف و امور خيريه- قم *,6947,تفسيرقران مجيد,,40,-,ـــ,مرد,محل تحصيل زابل
دانشگاه علوم و معارف قرآن كريم -  وابسته به سازمان اوقاف و امور خيريه- قم *,6948,تفسيرقران مجيد,,40,-,زن,ـــ,محل تحصيل زاهدان
دانشگاه علوم و معارف قرآن كريم -  وابسته به سازمان اوقاف و امور خيريه- قم *,6949,تفسيرقران مجيد,,40,-,ـــ,مرد,محل تحصيل زاهدان
دانشگاه علوم و معارف قرآن كريم -  وابسته به سازمان اوقاف و امور خيريه- قم *,6950,تفسيرقران مجيد,,40,-,زن,ـــ,محل تحصيل شاهرود
دانشگاه علوم و معارف قرآن كريم -  وابسته به سازمان اوقاف و امور خيريه- قم *,6951,تفسيرقران مجيد,,40,-,ـــ,مرد,محل تحصيل شاهرود
دانشگاه علوم و معارف قرآن كريم -  وابسته به سازمان اوقاف و امور خيريه- قم *,6952,تفسيرقران مجيد,,40,-,ـــ,مرد,محل تحصيل شيراز
دانشگاه علوم و معارف قرآن كريم -  وابسته به سازمان اوقاف و امور خيريه- قم *,6953,تفسيرقران مجيد,,40,-,زن,ـــ,محل تحصيل شيراز
دانشگاه علوم و معارف قرآن كريم -  وابسته به سازمان اوقاف و امور خيريه- قم *,6954,تفسيرقران مجيد,,20,-,زن,ـــ,محل تحصيل قم
دانشگاه علوم و معارف قرآن كريم -  وابسته به سازمان اوقاف و امور خيريه- قم *,6955,تفسيرقران مجيد,,40,-,ـــ,مرد,محل تحصيل كرمانشاه
دانشگاه علوم و معارف قرآن كريم -  وابسته به سازمان اوقاف و امور خيريه- قم *,6956,تفسيرقران مجيد,,40,-,زن,ـــ,محل تحصيل كرمانشاه
دانشگاه علوم و معارف قرآن كريم -  وابسته به سازمان اوقاف و امور خيريه- قم *,6957,تفسيرقران مجيد,,40,-,ـــ,مرد,محل تحصيل مراغه
دانشگاه علوم و معارف قرآن كريم -  وابسته به سازمان اوقاف و امور خيريه- قم *,6958,تفسيرقران مجيد,,40,-,زن,ـــ,محل تحصيل مراغه
دانشگاه علوم و معارف قرآن كريم -  وابسته به سازمان اوقاف و امور خيريه- قم *,6959,تفسيرقران مجيد,,40,-,ـــ,مرد,محل تحصيل ملاير
دانشگاه علوم و معارف قرآن كريم -  وابسته به سازمان اوقاف و امور خيريه- قم *,6960,تفسيرقران مجيد,,40,-,زن,ـــ,محل تحصيل ملاير
دانشگاه علوم و معارف قرآن كريم -  وابسته به سازمان اوقاف و امور خيريه- قم *,6961,تفسيرقران مجيد,,40,-,زن,ـــ,محل تحصيل ميبد
دانشگاه علوم و معارف قرآن كريم -  وابسته به سازمان اوقاف و امور خيريه- قم *,6962,تفسيرقران مجيد,,40,-,ـــ,مرد,محل تحصيل ميبد
دانشگاه علوم و معارف قرآن كريم -  وابسته به سازمان اوقاف و امور خيريه- قم *,6963,علوم قران مجيد,,40,-,ـــ,مرد,محل تحصيل آمل
دانشگاه علوم و معارف قرآن كريم -  وابسته به سازمان اوقاف و امور خيريه- قم *,6964,علوم قران مجيد,,40,-,زن,ـــ,محل تحصيل آمل
دانشگاه علوم و معارف قرآن كريم -  وابسته به سازمان اوقاف و امور خيريه- قم *,6965,علوم قران مجيد,,40,-,ـــ,مرد,محل تحصيل ايلام
دانشگاه علوم و معارف قرآن كريم -  وابسته به سازمان اوقاف و امور خيريه- قم *,6966,علوم قران مجيد,,40,-,زن,ـــ,محل تحصيل ايلام
دانشگاه علوم و معارف قرآن كريم -  وابسته به سازمان اوقاف و امور خيريه- قم *,6967,علوم قران مجيد,,40,-,ـــ,مرد,محل تحصيل تربت جام
دانشگاه علوم و معارف قرآن كريم -  وابسته به سازمان اوقاف و امور خيريه- قم *,6968,علوم قران مجيد,,20,-,ـــ,مرد,محل تحصيل تهران
دانشگاه علوم و معارف قرآن كريم -  وابسته به سازمان اوقاف و امور خيريه- قم *,6969,علوم قران مجيد,,20,-,زن,ـــ,محل تحصيل تهران
دانشگاه علوم و معارف قرآن كريم -  وابسته به سازمان اوقاف و امور خيريه- قم *,6970,علوم قران مجيد,,40,-,ـــ,مرد,محل تحصيل خمين
دانشگاه علوم و معارف قرآن كريم -  وابسته به سازمان اوقاف و امور خيريه- قم *,6971,علوم قران مجيد,,40,-,زن,ـــ,محل تحصيل خوي
دانشگاه علوم و معارف قرآن كريم -  وابسته به سازمان اوقاف و امور خيريه- قم *,6972,علوم قران مجيد,,40,-,ـــ,مرد,محل تحصيل خوي
دانشگاه علوم و معارف قرآن كريم -  وابسته به سازمان اوقاف و امور خيريه- قم *,6973,علوم قران مجيد,,40,-,ـــ,مرد,محل تحصيل دامغان
دانشگاه علوم و معارف قرآن كريم -  وابسته به سازمان اوقاف و امور خيريه- قم *,6974,علوم قران مجيد,,40,-,زن,ـــ,محل تحصيل دامغان
دانشگاه علوم و معارف قرآن كريم -  وابسته به سازمان اوقاف و امور خيريه- قم *,6975,علوم قران مجيد,,40,-,زن,ـــ,محل تحصيل دولت آباد اصفهان
دانشگاه علوم و معارف قرآن كريم -  وابسته به سازمان اوقاف و امور خيريه- قم *,6976,علوم قران مجيد,,40,-,زن,ـــ,محل تحصيل زاهدان
دانشگاه علوم و معارف قرآن كريم -  وابسته به سازمان اوقاف و امور خيريه- قم *,6977,علوم قران مجيد,,40,-,ـــ,مرد,محل تحصيل زاهدان
دانشگاه علوم و معارف قرآن كريم -  وابسته به سازمان اوقاف و امور خيريه- قم *,6978,علوم قران مجيد,,40,-,ـــ,مرد,محل تحصيل شيراز
دانشگاه علوم و معارف قرآن كريم -  وابسته به سازمان اوقاف و امور خيريه- قم *,6979,علوم قران مجيد,,40,-,زن,ـــ,محل تحصيل شيراز
دانشگاه علوم و معارف قرآن كريم -  وابسته به سازمان اوقاف و امور خيريه- قم *,6980,علوم قران مجيد,,40,-,زن,ـــ,محل تحصيل كرمانشاه
دانشگاه علوم و معارف قرآن كريم -  وابسته به سازمان اوقاف و امور خيريه- قم *,6981,علوم قران مجيد,,40,-,ـــ,مرد,محل تحصيل كرمانشاه
دانشگاه علوم و معارف قرآن كريم -  وابسته به سازمان اوقاف و امور خيريه- قم *,6982,علوم قران مجيد,,40,-,زن,ـــ,محل تحصيل مراغه
دانشگاه علوم و معارف قرآن كريم -  وابسته به سازمان اوقاف و امور خيريه- قم *,6983,علوم قران مجيد,,40,-,ـــ,مرد,محل تحصيل مراغه
دانشگاه علوم و معارف قرآن كريم -  وابسته به سازمان اوقاف و امور خيريه- قم *,6984,علوم قران مجيد,,40,-,ـــ,مرد,محل تحصيل مشهد
دانشگاه علوم و معارف قرآن كريم -  وابسته به سازمان اوقاف و امور خيريه- قم *,6985,علوم قران مجيد,,40,-,زن,ـــ,محل تحصيل مشهد
دانشگاه علوم و معارف قرآن كريم -  وابسته به سازمان اوقاف و امور خيريه- قم *,6986,علوم قران مجيد,,40,-,ـــ,مرد,محل تحصيل ملاير
دانشگاه علوم و معارف قرآن كريم -  وابسته به سازمان اوقاف و امور خيريه- قم *,6987,علوم قران مجيد,,40,-,زن,ـــ,محل تحصيل ملاير
دانشگاه علوم و معارف قرآن كريم -  وابسته به سازمان اوقاف و امور خيريه- قم *,6988,فنون قرائت تلاوت وكتابت قران مجيد,,40,-,زن,ـــ,محل تحصيل سبزوار
دانشگاه علوم و معارف قرآن كريم -  وابسته به سازمان اوقاف و امور خيريه- قم *,6989,فنون قرائت تلاوت وكتابت قران مجيد,,40,-,ـــ,مرد,محل تحصيل مشهد
دانشگاه علوم و معارف قرآن كريم -  وابسته به سازمان اوقاف و امور خيريه- قم *,6990,فنون قرائت تلاوت وكتابت قران مجيد,,40,-,زن,ـــ,محل تحصيل مشهد
دانشگاه مذاهب اسلامي*,6991,اديان ومذاهب,,20,-,ـــ,مرد,محل تحصيل تهران
دانشگاه مذاهب اسلامي*,6992,تاريخ اسلام,,40,-,20,20,محل تحصيل تهران
دانشگاه مذاهب اسلامي*,6993,علوم قران مجيد,,40,-,20,20,محل تحصيل تهران
دانشگاه مذاهب اسلامي*,6994,فقه وحقوق اماميه,,40,-,20,20,محل تحصيل بندرعباس
دانشگاه مذاهب اسلامي*,6995,فقه وحقوق اماميه,,40,-,20,20,محل تحصيل تهران
دانشگاه مذاهب اسلامي*,6996,فقه وحقوق اماميه,,40,-,20,20,محل تحصيل زاهدان
دانشگاه مذاهب اسلامي*,6997,فقه وحقوق اماميه,,40,-,20,20,محل تحصيل سنندج
دانشگاه مذاهب اسلامي*,6998,فقه وحقوق حنفي,,40,-,20,20,محل تحصيل تهران
دانشگاه مذاهب اسلامي*,6999,فقه وحقوق حنفي,,40,-,20,20,محل تحصيل زاهدان
دانشگاه مذاهب اسلامي*,7000,فقه وحقوق شافعي,,40,-,20,20,محل تحصيل بندرعباس
دانشگاه مذاهب اسلامي*,7001,فقه وحقوق شافعي,,40,-,20,20,محل تحصيل تهران
دانشگاه مذاهب اسلامي*,7002,فقه وحقوق شافعي,,40,-,20,20,محل تحصيل سنندج
دانشگاه مذاهب اسلامي*,7003,فلسفه وعرفان اسلامي,,40,-,20,20,محل تحصيل تهران
